run_id,dataset,target,time_from_seed_start_s,x_mid_mm,length_mm,x_error_mm,length_error_mm,iteration
D1,20260820_115707_圆点标定板背面_位置1_真机_2,ry_positive,7.118314027786255,1.0,99.62,0.0,19.62,1
D1,20260820_115707_圆点标定板背面_位置1_真机_2,ry_positive,10.317350149154663,0.2,102.48,0.0,22.48,1
D1,20260820_115707_圆点标定板背面_位置1_真机_2,ry_positive,12.368046522140503,0.8,105.0,0.0,25.0,1
D1,20260820_115707_圆点标定板背面_位置1_真机_2,ry_positive,14.467381477355957,1.65,107.85,0.0,27.85,1
D1,20260820_115707_圆点标定板背面_位置1_真机_2,ry_positive,15.467558860778809,1.8,91.77,0.0,11.77,2
D1,20260820_115707_圆点标定板背面_位置1_真机_2,ry_positive,17.519372940063477,1.1,101.32,0.0,21.32,1
D1,20260820_115707_圆点标定板背面_位置1_真机_2,ry_negative,26.56725239753723,-0.6,50.23,0.0,-29.77,1
D1,20260820_115707_圆点标定板背面_位置1_真机_2,ry_negative,27.467612504959106,-0.25,66.64,0.0,-13.36,2
D1,20260820_115707_圆点标定板背面_位置1_真机_2,ry_negative,28.217897415161133,-0.35,69.51,0.0,-10.49,3
D1,20260820_115707_圆点标定板背面_位置1_真机_2,ry_negative,30.967798471450806,-0.45,64.86,0.0,-15.14,1
D1,20260820_115707_圆点标定板背面_位置1_真机_2,ry_negative,32.96750044822693,-0.05,61.03,0.0,-18.97,1
D1,20260820_115707_圆点标定板背面_位置1_真机_2,ry_negative,34.867863178253174,0.05,59.65,0.0,-20.35,1
D1,20260820_115707_圆点标定板背面_位置1_真机_2,ry_negative,36.8675639629364,0.55,59.85,0.0,-20.15,1
D1,20260820_115707_圆点标定板背面_位置1_真机_2,rx_positive,43.917932987213135,11.3,77.65,11.3,0.0,1
D1,20260820_115707_圆点标定板背面_位置1_真机_2,rx_positive,46.86928176879883,17.8,82.38,17.8,0.0,1
D1,20260820_115707_圆点标定板背面_位置1_真机_2,rx_positive,47.8176052570343,11.45,82.49,11.45,0.0,2
D1,20260820_115707_圆点标定板背面_位置1_真机_2,rx_positive,49.71782994270325,17.3,85.43,17.3,0.0,1
D1,20260820_115707_圆点标定板背面_位置1_真机_2,rx_positive,50.667869567871094,11.2,86.91,11.2,0.0,2
D1,20260820_115707_圆点标定板背面_位置1_真机_2,rx_positive,52.61753559112549,17.4,85.66,17.4,0.0,1
D1,20260820_115707_圆点标定板背面_位置1_真机_2,rx_positive,53.51752042770386,11.15,86.8,11.15,0.0,2
D1,20260820_115707_圆点标定板背面_位置1_真机_2,rx_positive,55.567742109298706,17.45,85.7,17.45,0.0,1
D1,20260820_115707_圆点标定板背面_位置1_真机_2,rx_positive,56.46774220466614,11.1,87.24,11.1,0.0,2
D1,20260820_115707_圆点标定板背面_位置1_真机_2,rx_negative,64.91804790496826,-10.95,72.99,-10.95,0.0,1
D1,20260820_115707_圆点标定板背面_位置1_真机_2,rx_negative,67.91768503189087,-16.5,77.99,-16.5,0.0,1
D1,20260820_115707_圆点标定板背面_位置1_真机_2,rx_negative,68.8670756816864,-10.2,76.83,-10.2,0.0,2
D1,20260820_115707_圆点标定板背面_位置1_真机_2,rx_negative,70.76755213737488,-15.05,77.16,-15.05,0.0,1
D1,20260820_115707_圆点标定板背面_位置1_真机_2,rx_negative,72.76788401603699,-19.3,75.9,-19.3,0.0,1
D1,20260820_115707_圆点标定板背面_位置1_真机_2,rx_negative,73.61869263648987,-13.0,74.45,-13.0,0.0,2
D1,20260820_115707_圆点标定板背面_位置1_真机_2,rx_negative,75.51769280433655,-17.2,74.58,-17.2,0.0,1
D1,20260820_115707_圆点标定板背面_位置1_真机_2,rx_negative,76.41779613494873,-10.9,72.82,-10.9,0.0,2
D1,20260820_115707_圆点标定板背面_位置1_真机_2,rx_ry_positive,87.01720976829529,12.15,101.88,12.15,21.88,1
D1,20260820_115707_圆点标定板背面_位置1_真机_2,rx_ry_positive,90.31774497032166,22.8,115.86,22.8,35.86,1
D1,20260820_115707_圆点标定板背面_位置1_真机_2,rx_ry_positive,91.31871581077576,16.5,99.28,16.5,19.28,2
D1,20260820_115707_圆点标定板背面_位置1_真机_2,rx_ry_positive,93.56784725189209,25.6,111.17,25.6,31.17,1
D1,20260820_115707_圆点标定板背面_位置1_真机_2,rx_ry_positive,94.61763095855713,18.9,94.6,18.9,14.6,2
D1,20260820_115707_圆点标定板背面_位置1_真机_2,rx_ry_positive,95.56787824630737,11.65,80.02,11.65,0.0,3
D1,20260820_115707_圆点标定板背面_位置1_真机_2,rx_ry_positive,97.61784720420837,22.1,106.81,22.1,26.81,1
D1,20260820_115707_圆点标定板背面_位置1_真机_2,rx_ry_positive,98.66799521446228,14.9,91.05,14.9,11.05,2
D1,20260820_115707_圆点标定板背面_位置1_真机_2,rx_ry_positive,100.76757979393005,25.4,111.15,25.4,31.15,1
D1,20260820_115707_圆点标定板背面_位置1_真机_2,rx_ry_positive,101.86753439903259,18.35,94.62,18.35,14.62,2
D1,20260820_115707_圆点标定板背面_位置1_真机_2,rx_ry_positive,102.81739115715027,10.8,82.19,10.8,0.0,3
D2,20260820_132928_圆点标定板背面_位置1_真机_3,ry_positive,10.370303630828857,8.8,108.56,0.0,28.56,1
D2,20260820_132928_圆点标定板背面_位置1_真机_3,ry_positive,11.420309066772461,8.95,90.09,0.0,10.09,2
D2,20260820_132928_圆点标定板背面_位置1_真机_3,ry_positive,14.569981575012207,-0.95,98.24,0.0,18.24,1
D2,20260820_132928_圆点标定板背面_位置1_真机_3,ry_positive,16.670438289642334,-1.35,103.4,0.0,23.4,1
D2,20260820_132928_圆点标定板背面_位置1_真机_3,ry_positive,18.720362424850464,-1.0,106.67,0.0,26.67,1
D2,20260820_132928_圆点标定板背面_位置1_真机_3,ry_positive,19.67030692100525,-1.15,90.08,0.0,10.08,2
D2,20260820_132928_圆点标定板背面_位置1_真机_3,ry_positive,21.67116904258728,-1.0,101.75,0.0,21.75,1
D2,20260820_132928_圆点标定板背面_位置1_真机_3,ry_negative,29.769967079162598,9.55,57.28,0.0,-22.72,1
D2,20260820_132928_圆点标定板背面_位置1_真机_3,ry_negative,32.7706937789917,0.75,54.61,0.0,-25.39,1
D2,20260820_132928_圆点标定板背面_位置1_真机_3,ry_negative,34.770790338516235,1.0,54.88,0.0,-25.12,1
D2,20260820_132928_圆点标定板背面_位置1_真机_3,ry_negative,36.669732093811035,1.6,56.41,0.0,-23.59,1
D2,20260820_132928_圆点标定板背面_位置1_真机_3,ry_negative,38.67020654678345,1.65,58.09,0.0,-21.91,1
D2,20260820_132928_圆点标定板背面_位置1_真机_3,rx_positive,45.76997494697571,20.3,85.71,20.3,0.0,1
D2,20260820_132928_圆点标定板背面_位置1_真机_3,rx_positive,46.7210259437561,13.85,81.89,13.85,0.0,2
D2,20260820_132928_圆点标定板背面_位置1_真机_3,rx_positive,49.819915771484375,20.35,82.37,20.35,0.0,1
D2,20260820_132928_圆点标定板背面_位置1_真机_3,rx_positive,50.770179748535156,13.85,83.23,13.85,0.0,2
D2,20260820_132928_圆点标定板背面_位置1_真机_3,rx_positive,52.87012577056885,20.0,80.86,20.0,0.0,1
D2,20260820_132928_圆点标定板背面_位置1_真机_3,rx_positive,53.7701313495636,13.55,80.97,13.55,0.0,2
D2,20260820_132928_圆点标定板背面_位置1_真机_3,rx_positive,55.670634269714355,19.95,81.18,19.95,0.0,1
D2,20260820_132928_圆点标定板背面_位置1_真机_3,rx_positive,56.57034468650818,13.5,81.71,13.5,0.0,2
D2,20260820_132928_圆点标定板背面_位置1_真机_3,rx_positive,58.67039608955383,20.25,83.39,20.25,0.0,1
D2,20260820_132928_圆点标定板背面_位置1_真机_3,rx_positive,59.62040567398071,13.85,84.84,13.85,0.0,2
D2,20260820_132928_圆点标定板背面_位置1_真机_3,rx_negative,71.07082605361938,-15.0,82.98,-15.0,0.0,1
D2,20260820_132928_圆点标定板背面_位置1_真机_3,rx_negative,73.02050590515137,-19.1,74.4,-19.1,0.0,1
D2,20260820_132928_圆点标定板背面_位置1_真机_3,rx_negative,73.91999006271362,-12.55,73.33,-12.55,0.0,2
D2,20260820_132928_圆点标定板背面_位置1_真机_3,rx_negative,75.82002377510071,-16.85,75.81,-16.85,0.0,1
D2,20260820_132928_圆点标定板背面_位置1_真机_3,rx_negative,76.77147126197815,-10.45,74.6,-10.45,0.0,2
D2,20260820_132928_圆点标定板背面_位置1_真机_3,rx_negative,78.77037477493286,-14.55,78.31,-14.55,0.0,1
D2,20260820_132928_圆点标定板背面_位置1_真机_3,rx_ry_positive,88.17026686668396,20.1,110.6,20.1,30.6,1
D2,20260820_132928_圆点标定板背面_位置1_真机_3,rx_ry_positive,89.1714437007904,14.6,93.53,14.6,13.53,2
D2,20260820_132928_圆点标定板背面_位置1_真机_3,rx_ry_positive,92.42028307914734,23.9,113.67,23.9,33.67,1
D2,20260820_132928_圆点标定板背面_位置1_真机_3,rx_ry_positive,93.47029447555542,18.15,97.16,18.15,17.16,2
D2,20260820_132928_圆点标定板背面_位置1_真机_3,rx_ry_positive,94.52041745185852,11.65,82.88,11.65,0.0,3
D2,20260820_132928_圆点标定板背面_位置1_真机_3,rx_ry_positive,96.47036504745483,20.4,111.04,20.4,31.04,1
D2,20260820_132928_圆点标定板背面_位置1_真机_3,rx_ry_positive,97.47172284126282,14.35,94.95,14.35,14.95,2
D2,20260820_132928_圆点标定板背面_位置1_真机_3,rx_ry_positive,99.67033314704895,23.6,112.42,23.6,32.42,1
D2,20260820_132928_圆点标定板背面_位置1_真机_3,rx_ry_positive,100.6706268787384,17.5,96.22,17.5,16.22,2
D2,20260820_132928_圆点标定板背面_位置1_真机_3,rx_ry_positive,101.62179207801819,10.6,82.91,10.6,0.0,3
D2,20260820_132928_圆点标定板背面_位置1_真机_3,rx_ry_positive,104.17027974128723,21.05,113.89,21.05,33.89,1
D2,20260820_132928_圆点标定板背面_位置1_真机_3,rx_ry_positive,105.16985869407654,14.75,97.85,14.75,17.85,2
D3,20260820_133622_圆点标定板背面_位置1_真机_5,ry_positive,7.062846899032593,-5.85,101.67,0.0,21.67,1
D3,20260820_133622_圆点标定板背面_位置1_真机_5,ry_positive,10.112423181533813,-9.2,110.62,0.0,30.62,1
D3,20260820_133622_圆点标定板背面_位置1_真机_5,ry_positive,11.212597370147705,-9.8,90.42,0.0,10.42,2
D3,20260820_133622_圆点标定板背面_位置1_真机_5,ry_positive,13.164352655410767,-10.05,108.67,-10.05,28.67,1
D3,20260820_133622_圆点标定板背面_位置1_真机_5,ry_positive,14.413328647613525,-3.9,90.8,0.0,10.8,2
D3,20260820_133622_圆点标定板背面_位置1_真机_5,ry_positive,16.31349468231201,-6.5,104.32,0.0,24.32,1
D3,20260820_133622_圆点标定板背面_位置1_真机_5,ry_positive,18.412793397903442,-8.7,108.67,0.0,28.67,1
D3,20260820_133622_圆点标定板背面_位置1_真机_5,ry_negative,27.713643789291382,5.7,56.09,0.0,-23.91,1
D3,20260820_133622_圆点标定板背面_位置1_真机_5,rx_positive,52.51304221153259,11.85,74.02,11.85,0.0,1
D3,20260820_133622_圆点标定板背面_位置1_真机_5,rx_positive,55.562623500823975,15.85,82.1,15.85,0.0,1
D3,20260820_133622_圆点标定板背面_位置1_真机_5,rx_positive,57.762460470199585,20.0,87.2,20.0,0.0,1
D3,20260820_133622_圆点标定板背面_位置1_真机_5,rx_positive,58.663514137268066,13.0,89.94,13.0,0.0,2
D3,20260820_133622_圆点标定板背面_位置1_真机_5,rx_positive,59.61313843727112,6.4,90.78,0.0,10.78,3
D3,20260820_133622_圆点标定板背面_位置1_真机_5,rx_positive,61.413321018218994,19.35,76.32,19.35,0.0,1
D3,20260820_133622_圆点标定板背面_位置1_真机_5,rx_positive,62.36331105232239,13.55,73.2,13.55,0.0,2
D3,20260820_133622_圆点标定板背面_位置1_真机_5,rx_positive,64.36292290687561,17.6,83.47,17.6,0.0,1
D3,20260820_133622_圆点标定板背面_位置1_真机_5,rx_positive,65.46270847320557,10.95,85.23,10.95,0.0,2
D3,20260820_133622_圆点标定板背面_位置1_真机_5,rx_negative,74.51265335083008,-8.5,68.59,0.0,-11.41,1
D3,20260820_133622_圆点标定板背面_位置1_真机_5,rx_negative,76.41290783882141,-11.05,86.62,-11.05,0.0,1
D3,20260820_133622_圆点标定板背面_位置1_真机_5,rx_negative,77.41223859786987,-5.8,90.3,0.0,10.3,2
D3,20260820_133622_圆点标定板背面_位置1_真机_5,rx_negative,79.3124930858612,-17.5,85.12,-17.5,0.0,1
D3,20260820_133622_圆点标定板背面_位置1_真机_5,rx_negative,80.21274781227112,-12.55,90.94,-12.55,10.94,2
D3,20260820_133622_圆点标定板背面_位置1_真机_5,rx_negative,82.2129271030426,-12.1,72.76,-12.1,0.0,1
D3,20260820_133622_圆点标定板背面_位置1_真机_5,rx_negative,84.21264481544495,-16.15,74.19,-16.15,0.0,1
D3,20260820_133622_圆点标定板背面_位置1_真机_5,rx_negative,86.21248936653137,-20.0,76.29,-20.0,0.0,1
D3,20260820_133622_圆点标定板背面_位置1_真机_5,rx_negative,87.11344838142395,-13.25,74.93,-13.25,0.0,2
D3,20260820_133622_圆点标定板背面_位置1_真机_5,rx_ry_positive,97.31279420852661,4.6,103.3,0.0,23.3,1
D3,20260820_133622_圆点标定板背面_位置1_真机_5,rx_ry_positive,100.86300611495972,12.5,115.55,12.5,35.55,1
D3,20260820_133622_圆点标定板背面_位置1_真机_5,rx_ry_positive,102.1124529838562,11.35,96.93,11.35,16.93,2
D3,20260820_133622_圆点标定板背面_位置1_真机_5,rx_ry_positive,104.31247353553772,16.45,108.71,16.45,28.71,1
D3,20260820_133622_圆点标定板背面_位置1_真机_5,rx_ry_positive,105.36260986328125,15.0,90.55,15.0,10.55,2
D3,20260820_133622_圆点标定板背面_位置1_真机_5,rx_ry_positive,106.36307454109192,11.8,76.25,11.8,0.0,3
D3,20260820_133622_圆点标定板背面_位置1_真机_5,rx_ry_positive,108.36283898353577,14.2,102.64,14.2,22.64,1
D3,20260820_133622_圆点标定板背面_位置1_真机_5,rx_ry_positive,109.41257834434509,10.6,88.72,10.6,0.0,2
D3,20260820_133622_圆点标定板背面_位置1_真机_5,rx_ry_positive,111.51310300827026,13.1,116.32,13.1,36.32,1
D3,20260820_133622_圆点标定板背面_位置1_真机_5,rx_ry_positive,112.46279525756836,11.35,98.92,11.35,18.92,2
D4,20260820_135111_圆点标定板背面_位置2_真机_1,ry_positive,7.753960371017456,-1.3,98.21,0.0,18.21,1
D4,20260820_135111_圆点标定板背面_位置2_真机_1,ry_positive,9.90453314781189,-4.15,96.25,0.0,16.25,1
D4,20260820_135111_圆点标定板背面_位置2_真机_1,ry_positive,12.004127979278564,-6.4,108.38,0.0,28.38,1
D4,20260820_135111_圆点标定板背面_位置2_真机_1,ry_positive,12.954493761062622,-7.65,92.09,0.0,12.09,2
D4,20260820_135111_圆点标定板背面_位置2_真机_1,ry_positive,14.853559970855713,-7.1,108.48,0.0,28.48,1
D4,20260820_135111_圆点标定板背面_位置2_真机_1,ry_positive,15.853968143463135,-8.25,91.91,0.0,11.91,2
D4,20260820_135111_圆点标定板背面_位置2_真机_1,ry_positive,17.70446467399597,-6.8,109.3,0.0,29.3,1
D4,20260820_135111_圆点标定板背面_位置2_真机_1,ry_positive,18.654788494110107,-7.9,92.12,0.0,12.12,2
D4,20260820_135111_圆点标定板背面_位置2_真机_1,ry_positive,20.6039776802063,-6.4,109.93,0.0,29.93,1
D4,20260820_135111_圆点标定板背面_位置2_真机_1,ry_positive,21.504250526428223,-7.4,92.04,0.0,12.04,2
D4,20260820_135111_圆点标定板背面_位置2_真机_1,ry_negative,29.353866577148438,3.45,54.23,0.0,-25.77,1
D4,20260820_135111_圆点标定板背面_位置2_真机_1,ry_negative,30.204444885253906,5.3,66.22,0.0,-13.78,2
D4,20260820_135111_圆点标定板背面_位置2_真机_1,ry_negative,31.954458713531494,5.1,61.99,0.0,-18.01,1
D4,20260820_135111_圆点标定板背面_位置2_真机_1,ry_negative,33.80424213409424,5.9,54.17,0.0,-25.83,1
D4,20260820_135111_圆点标定板背面_位置2_真机_1,ry_negative,34.70395469665527,6.75,69.43,0.0,-10.57,2
D4,20260820_135111_圆点标定板背面_位置2_真机_1,ry_negative,36.70418190956116,6.05,55.92,0.0,-24.08,1
D4,20260820_135111_圆点标定板背面_位置2_真机_1,ry_negative,39.00374436378479,6.85,52.31,0.0,-27.69,1
D4,20260820_135111_圆点标定板背面_位置2_真机_1,ry_negative,40.00400352478027,8.1,67.96,0.0,-12.04,2
D4,20260820_135111_圆点标定板背面_位置2_真机_1,ry_negative,41.904536724090576,6.7,56.05,0.0,-23.95,1
D4,20260820_135111_圆点标定板背面_位置2_真机_1,rx_positive,49.80377149581909,11.85,77.9,11.85,0.0,1
D4,20260820_135111_圆点标定板背面_位置2_真机_1,rx_positive,51.05488896369934,6.4,68.8,0.0,-11.2,2
D4,20260820_135111_圆点标定板背面_位置2_真机_1,rx_positive,53.004554271698,9.25,59.37,0.0,-20.63,1
D4,20260820_135111_圆点标定板背面_位置2_真机_1,rx_positive,53.85408401489258,10.9,70.83,10.9,0.0,2
D4,20260820_135111_圆点标定板背面_位置2_真机_1,rx_positive,54.75387382507324,5.75,58.72,0.0,-21.28,3
D4,20260820_135111_圆点标定板背面_位置2_真机_1,rx_positive,55.65366864204407,7.6,69.3,0.0,-10.7,4
D4,20260820_135111_圆点标定板背面_位置2_真机_1,rx_positive,57.50584578514099,23.25,55.56,23.25,-24.44,1
D4,20260820_135111_圆点标定板背面_位置2_真机_1,rx_positive,63.65478181838989,23.25,55.56,23.25,-24.44,1
D4,20260820_135111_圆点标定板背面_位置2_真机_1,rx_positive,64.55430316925049,16.45,67.85,16.45,-12.15,2
D4,20260820_135111_圆点标定板背面_位置2_真机_1,rx_positive,66.40398240089417,15.3,79.18,15.3,0.0,1
D4,20260820_135111_圆点标定板背面_位置2_真机_1,rx_negative,87.54443430900574,-12.45,93.33,-12.45,13.33,1
D4,20260820_135111_圆点标定板背面_位置2_真机_1,rx_negative,88.40405368804932,-7.0,96.78,0.0,16.78,2
D4,20260820_135111_圆点标定板背面_位置2_真机_1,rx_negative,89.30375075340271,-8.75,90.64,0.0,10.64,3
D4,20260820_135111_圆点标定板背面_位置2_真机_1,rx_negative,91.20379424095154,-20.6,84.01,-20.6,0.0,1
D4,20260820_135111_圆点标定板背面_位置2_真机_1,rx_negative,92.10509729385376,-14.8,86.46,-14.8,0.0,2
D4,20260820_135111_圆点标定板背面_位置2_真机_1,rx_negative,94.20410323143005,-18.65,85.0,-18.65,0.0,1
D4,20260820_135111_圆点标定板背面_位置2_真机_1,rx_negative,95.10446524620056,-12.45,86.35,-12.45,0.0,2
D4,20260820_135111_圆点标定板背面_位置2_真机_1,rx_negative,96.00397849082947,-12.4,86.46,-12.4,0.0,3
D4,20260820_135111_圆点标定板背面_位置2_真机_1,rx_negative,99.10464239120483,-18.05,74.78,-18.05,0.0,1
D4,20260820_135111_圆点标定板背面_位置2_真机_1,rx_negative,100.00351285934448,-11.55,74.77,-11.55,0.0,2
D4,20260820_135111_圆点标定板背面_位置2_真机_1,rx_ry_positive,111.30412697792053,9.65,100.18,0.0,20.18,1
D4,20260820_135111_圆点标定板背面_位置2_真机_1,rx_ry_positive,112.20399689674377,8.05,90.73,0.0,10.73,2
D4,20260820_135111_圆点标定板背面_位置2_真机_1,rx_ry_positive,114.05406498908997,10.1,88.72,10.1,0.0,1
D4,20260820_135111_圆点标定板背面_位置2_真机_1,rx_ry_positive,116.15413236618042,19.0,110.8,19.0,30.8,1
D4,20260820_135111_圆点标定板背面_位置2_真机_1,rx_ry_positive,117.2041175365448,14.3,94.95,14.3,14.95,2
D4,20260820_135111_圆点标定板背面_位置2_真机_1,rx_ry_positive,119.3039767742157,23.1,107.2,23.1,27.2,1
D4,20260820_135111_圆点标定板背面_位置2_真机_1,rx_ry_positive,120.25406503677368,17.95,90.73,17.95,10.73,2
D4,20260820_135111_圆点标定板背面_位置2_真机_1,rx_ry_positive,121.15399169921875,12.75,74.57,12.75,0.0,3
D4,20260820_135111_圆点标定板背面_位置2_真机_1,rx_ry_positive,122.15458869934082,6.75,62.07,0.0,-17.93,4
D4,20260820_135111_圆点标定板背面_位置2_真机_1,rx_ry_positive,123.00495553016663,8.1,69.53,0.0,-10.47,5
D4,20260820_135111_圆点标定板背面_位置2_真机_1,rx_ry_positive,125.10538387298584,22.9,105.43,22.9,25.43,1
D4,20260820_135111_圆点标定板背面_位置2_真机_1,rx_ry_positive,126.10502672195435,17.3,88.74,17.3,0.0,2
D4,20260820_135111_圆点标定板背面_位置2_真机_1,rx_ry_positive,127.05392789840698,10.8,74.83,10.8,0.0,3
D4,20260820_135111_圆点标定板背面_位置2_真机_1,rx_ry_positive,127.95393586158752,4.6,67.57,0.0,-12.43,4
D4,20260820_135111_圆点标定板背面_位置2_真机_1,rx_ry_positive,129.85549449920654,21.25,105.34,21.25,25.34,1
D4,20260820_135111_圆点标定板背面_位置2_真机_1,rx_ry_positive,130.80416011810303,15.3,88.0,15.3,0.0,2
D5,20260820_140109_圆点标定板背面_位置2_真机_2,ry_positive,8.01484990119934,6.6,106.71,0.0,26.71,1
D5,20260820_140109_圆点标定板背面_位置2_真机_2,ry_positive,9.015096426010132,7.75,91.02,0.0,11.02,2
D5,20260820_140109_圆点标定板背面_位置2_真机_2,ry_positive,10.76509141921997,2.65,92.7,0.0,12.7,1
D5,20260820_140109_圆点标定板背面_位置2_真机_2,ry_positive,12.76583981513977,5.3,108.45,0.0,28.45,1
D5,20260820_140109_圆点标定板背面_位置2_真机_2,ry_positive,13.715723752975464,6.3,92.14,0.0,12.14,2
D5,20260820_140109_圆点标定板背面_位置2_真机_2,ry_positive,15.66530728340149,4.1,104.04,0.0,24.04,1
D5,20260820_140109_圆点标定板背面_位置2_真机_2,ry_positive,17.91592049598694,3.7,110.66,0.0,30.66,1
D5,20260820_140109_圆点标定板背面_位置2_真机_2,ry_positive,18.965312004089355,4.1,92.47,0.0,12.47,2
D5,20260820_140109_圆点标定板背面_位置2_真机_2,ry_positive,21.01638150215149,3.85,107.09,0.0,27.09,1
D5,20260820_140109_圆点标定板背面_位置2_真机_2,ry_negative,29.666800260543823,2.0,58.97,0.0,-21.03,1
D5,20260820_140109_圆点标定板背面_位置2_真机_2,ry_negative,33.01512551307678,-1.75,58.92,0.0,-21.08,1
D5,20260820_140109_圆点标定板背面_位置2_真机_2,ry_negative,35.214898109436035,-1.9,58.28,0.0,-21.72,1
D5,20260820_140109_圆点标定板背面_位置2_真机_2,ry_negative,37.21487331390381,-1.55,58.52,0.0,-21.48,1
D5,20260820_140109_圆点标定板背面_位置2_真机_2,ry_negative,39.21633720397949,-1.3,59.88,0.0,-20.12,1
D5,20260820_140109_圆点标定板背面_位置2_真机_2,rx_positive,46.91559338569641,15.6,84.95,15.6,0.0,1
D5,20260820_140109_圆点标定板背面_位置2_真机_2,rx_positive,50.1648051738739,21.35,84.24,21.35,0.0,1
D5,20260820_140109_圆点标定板背面_位置2_真机_2,rx_positive,51.11936092376709,15.0,86.29,15.0,0.0,2
D5,20260820_140109_圆点标定板背面_位置2_真机_2,rx_positive,53.11556267738342,20.4,83.48,20.4,0.0,1
D5,20260820_140109_圆点标定板背面_位置2_真机_2,rx_positive,54.01483702659607,13.95,84.63,13.95,0.0,2
D5,20260820_140109_圆点标定板背面_位置2_真机_2,rx_positive,56.065563678741455,19.8,82.65,19.8,0.0,1
D5,20260820_140109_圆点标定板背面_位置2_真机_2,rx_positive,57.066062450408936,13.4,83.5,13.4,0.0,2
D5,20260820_140109_圆点标定板背面_位置2_真机_2,rx_positive,59.11533999443054,20.15,83.49,20.15,0.0,1
D5,20260820_140109_圆点标定板背面_位置2_真机_2,rx_positive,60.265740633010864,13.85,84.96,13.85,0.0,2
D5,20260820_140109_圆点标定板背面_位置2_真机_2,rx_negative,72.71569490432739,-18.45,75.64,-18.45,0.0,1
D5,20260820_140109_圆点标定板背面_位置2_真机_2,rx_negative,73.7652428150177,-12.1,73.01,-12.1,0.0,2
D5,20260820_140109_圆点标定板背面_位置2_真机_2,rx_negative,75.8151171207428,-15.75,77.42,-15.75,0.0,1
D5,20260820_140109_圆点标定板背面_位置2_真机_2,rx_negative,77.81488966941833,-19.0,79.7,-19.0,0.0,1
D5,20260820_140109_圆点标定板背面_位置2_真机_2,rx_negative,78.96506452560425,-12.45,79.08,-12.45,0.0,2
D5,20260820_140109_圆点标定板背面_位置2_真机_2,rx_negative,80.81615114212036,-15.4,78.84,-15.4,0.0,1
D5,20260820_140109_圆点标定板背面_位置2_真机_2,rx_ry_positive,91.01550793647766,18.15,109.48,18.15,29.48,1
D5,20260820_140109_圆点标定板背面_位置2_真机_2,rx_ry_positive,91.9153242111206,10.55,93.33,10.55,13.33,2
D5,20260820_140109_圆点标定板背面_位置2_真机_2,rx_ry_positive,95.31504559516907,23.75,117.53,23.75,37.53,1
D5,20260820_140109_圆点标定板背面_位置2_真机_2,rx_ry_positive,96.51486015319824,15.6,99.77,15.6,19.77,2
D5,20260820_140109_圆点标定板背面_位置2_真机_2,rx_ry_positive,98.61581993103027,27.2,118.41,27.2,38.41,1
D5,20260820_140109_圆点标定板背面_位置2_真机_2,rx_ry_positive,99.56578516960144,18.45,99.71,18.45,19.71,2
D5,20260820_140109_圆点标定板背面_位置2_真机_2,rx_ry_positive,106.81510353088379,18.15,101.22,18.15,21.22,1
D6,20260820_141546_原点标定板背面_位置3_真机_1,ry_positive,7.265083312988281,-6.05,97.23,0.0,17.23,1
D6,20260820_141546_原点标定板背面_位置3_真机_1,ry_positive,9.215189456939697,-4.85,91.32,0.0,11.32,1
D6,20260820_141546_原点标定板背面_位置3_真机_1,ry_positive,11.514303922653198,-8.75,103.2,0.0,23.2,1
D6,20260820_141546_原点标定板背面_位置3_真机_1,ry_positive,13.714729309082031,-9.95,107.84,0.0,27.84,1
D6,20260820_141546_原点标定板背面_位置3_真机_1,ry_positive,14.664886236190796,-10.4,89.96,-10.4,0.0,2
D6,20260820_141546_原点标定板背面_位置3_真机_1,ry_positive,15.564772367477417,-5.85,96.44,0.0,16.44,3
D6,20260820_141546_原点标定板背面_位置3_真机_1,ry_positive,17.56536030769348,-9.45,107.25,0.0,27.25,1
D6,20260820_141546_原点标定板背面_位置3_真机_1,ry_positive,18.614757537841797,-10.55,90.11,-10.55,10.11,2
D6,20260820_141546_原点标定板背面_位置3_真机_1,ry_positive,20.71490168571472,-7.75,109.09,0.0,29.09,1
D6,20260820_141546_原点标定板背面_位置3_真机_1,ry_positive,21.715195655822754,-8.85,91.96,0.0,11.96,2
D6,20260820_141546_原点标定板背面_位置3_真机_1,ry_negative,31.665058851242065,3.75,58.83,0.0,-21.17,1
D6,20260820_141546_原点标定板背面_位置3_真机_1,rx_positive,57.01531267166138,11.2,72.88,11.2,0.0,1
D6,20260820_141546_原点标定板背面_位置3_真机_1,rx_positive,58.01462411880493,7.0,64.81,0.0,-15.19,2
D6,20260820_141546_原点标定板背面_位置3_真机_1,rx_positive,61.116077184677124,21.05,69.82,21.05,-10.18,1
D6,20260820_141546_原点标定板背面_位置3_真机_1,rx_positive,62.11522173881531,14.8,68.63,14.8,-11.37,2
D6,20260820_141546_原点标定板背面_位置3_真机_1,rx_positive,64.11498665809631,14.95,91.96,14.95,11.96,1
D6,20260820_141546_原点标定板背面_位置3_真机_1,rx_positive,66.26499128341675,21.85,84.74,21.85,0.0,1
D6,20260820_141546_原点标定板背面_位置3_真机_1,rx_positive,67.2146544456482,15.4,84.01,15.4,0.0,2
D6,20260820_141546_原点标定板背面_位置3_真机_1,rx_positive,69.21502542495728,21.1,85.09,21.1,0.0,1
D6,20260820_141546_原点标定板背面_位置3_真机_1,rx_positive,70.11520671844482,14.35,86.22,14.35,0.0,2
D6,20260820_141546_原点标定板背面_位置3_真机_1,rx_negative,79.96574401855469,-10.2,70.04,-10.2,0.0,1
D6,20260820_141546_原点标定板背面_位置3_真机_1,rx_negative,83.11511564254761,-18.9,86.58,-18.9,0.0,1
D6,20260820_141546_原点标定板背面_位置3_真机_1,rx_negative,84.01545667648315,-13.6,91.11,-13.6,11.11,2
D6,20260820_141546_原点标定板背面_位置3_真机_1,rx_negative,85.9647867679596,-12.3,72.49,-12.3,0.0,1
D6,20260820_141546_原点标定板背面_位置3_真机_1,rx_negative,86.91485667228699,-5.35,69.84,0.0,-10.16,2
D6,20260820_141546_原点标定板背面_位置3_真机_1,rx_negative,88.81543016433716,-9.05,55.47,0.0,-24.53,1
D6,20260820_141546_原点标定板背面_位置3_真机_1,rx_negative,89.61486864089966,-9.3,62.4,0.0,-17.6,2
D6,20260820_141546_原点标定板背面_位置3_真机_1,rx_negative,91.76541924476624,-19.1,77.97,-19.1,0.0,1
D6,20260820_141546_原点标定板背面_位置3_真机_1,rx_negative,92.76487064361572,-11.0,71.24,-11.0,0.0,2
D6,20260820_141546_原点标定板背面_位置3_真机_1,rx_ry_positive,103.21462059020996,4.75,98.69,0.0,18.69,1
D6,20260820_141546_原点标定板背面_位置3_真机_1,rx_ry_positive,106.36425948143005,15.05,108.3,15.05,28.3,1
D6,20260820_141546_原点标定板背面_位置3_真机_1,rx_ry_positive,107.41679000854492,13.35,91.44,13.35,11.44,2
D6,20260820_141546_原点标定板背面_位置3_真机_1,rx_ry_positive,108.36538243293762,10.55,76.71,10.55,0.0,3
D6,20260820_141546_原点标定板背面_位置3_真机_1,rx_ry_positive,110.51436758041382,12.3,100.25,12.3,20.25,1
D6,20260820_141546_原点标定板背面_位置3_真机_1,rx_ry_positive,112.86641812324524,17.3,115.16,17.3,35.16,1
D6,20260820_141546_原点标定板背面_位置3_真机_1,rx_ry_positive,113.96495652198792,14.95,99.59,14.95,19.59,2
D6,20260820_141546_原点标定板背面_位置3_真机_1,rx_ry_positive,115.11460566520691,12.7,83.39,12.7,0.0,3
D6,20260820_141546_原点标定板背面_位置3_真机_1,rx_ry_positive,117.31443309783936,17.15,105.18,17.15,25.18,1
D6,20260820_141546_原点标定板背面_位置3_真机_1,rx_ry_positive,118.31487536430359,13.3,91.82,13.3,11.82,2
D7,20260820_142718_知象光电宣传册_位置1_真机_1_nbv初始化失败,ry_positive,9.866157531738281,-5.55,100.02,0.0,20.02,1
D7,20260820_142718_知象光电宣传册_位置1_真机_1_nbv初始化失败,ry_positive,12.966574430465698,-8.0,110.69,0.0,30.69,1
D7,20260820_142718_知象光电宣传册_位置1_真机_1_nbv初始化失败,ry_positive,13.965644836425781,-10.5,94.91,-10.5,14.91,2
D7,20260820_142718_知象光电宣传册_位置1_真机_1_nbv初始化失败,ry_positive,16.016162395477295,-6.75,108.1,0.0,28.1,1
D7,20260820_142718_知象光电宣传册_位置1_真机_1_nbv初始化失败,ry_positive,17.01585865020752,-8.95,92.97,0.0,12.97,2
D7,20260820_142718_知象光电宣传册_位置1_真机_1_nbv初始化失败,ry_positive,18.965794801712036,-8.15,105.84,0.0,25.84,1
D7,20260820_142718_知象光电宣传册_位置1_真机_1_nbv初始化失败,ry_positive,20.016258239746094,-10.6,91.49,-10.6,11.49,2
D7,20260820_142718_知象光电宣传册_位置1_真机_1_nbv初始化失败,ry_positive,21.96592402458191,-5.8,107.88,0.0,27.88,1
D7,20260820_142718_知象光电宣传册_位置1_真机_1_nbv初始化失败,ry_negative,33.766151666641235,5.05,56.65,0.0,-23.35,1
D7,20260820_142718_知象光电宣传册_位置1_真机_1_nbv初始化失败,rx_positive,59.365723848342896,11.9,73.91,11.9,0.0,1
D7,20260820_142718_知象光电宣传册_位置1_真机_1_nbv初始化失败,rx_positive,62.316914796829224,15.7,83.22,15.7,0.0,1
D7,20260820_142718_知象光电宣传册_位置1_真机_1_nbv初始化失败,rx_positive,64.41644048690796,19.3,89.95,19.3,0.0,1
D7,20260820_142718_知象光电宣传册_位置1_真机_1_nbv初始化失败,rx_positive,65.41674327850342,12.0,93.35,12.0,13.35,2
D7,20260820_142718_知象光电宣传册_位置1_真机_1_nbv初始化失败,rx_positive,67.3155517578125,19.3,87.42,19.3,0.0,1
D7,20260820_142718_知象光电宣传册_位置1_真机_1_nbv初始化失败,rx_positive,68.16669344902039,12.55,88.77,12.55,0.0,2
D7,20260820_142718_知象光电宣传册_位置1_真机_1_nbv初始化失败,rx_positive,69.21571826934814,5.75,90.66,0.0,10.66,3
D7,20260820_142718_知象光电宣传册_位置1_真机_1_nbv初始化失败,rx_positive,71.16650080680847,20.2,75.29,20.2,0.0,1
D7,20260820_142718_知象光电宣传册_位置1_真机_1_nbv初始化失败,rx_positive,72.06671905517578,14.65,71.04,14.65,0.0,2
D7,20260820_142718_知象光电宣传册_位置1_真机_1_nbv初始化失败,rx_negative,81.06601452827454,-9.0,69.14,0.0,-10.86,1
D7,20260820_142718_知象光电宣传册_位置1_真机_1_nbv初始化失败,rx_negative,82.9655270576477,-12.75,89.1,-12.75,0.0,1
D7,20260820_142718_知象光电宣传册_位置1_真机_1_nbv初始化失败,rx_negative,83.96567344665527,-7.8,94.64,0.0,14.64,2
D7,20260820_142718_知象光电宣传册_位置1_真机_1_nbv初始化失败,rx_negative,85.96653532981873,-18.35,81.65,-18.35,0.0,1
D7,20260820_142718_知象光电宣传册_位置1_真机_1_nbv初始化失败,rx_negative,86.96610641479492,-13.2,86.42,-13.2,0.0,2
D7,20260820_142718_知象光电宣传册_位置1_真机_1_nbv初始化失败,rx_negative,88.86561727523804,-12.2,66.22,-12.2,-13.78,1
D7,20260820_142718_知象光电宣传册_位置1_真机_1_nbv初始化失败,rx_negative,91.51585388183594,-17.05,69.87,-17.05,-10.13,1
D7,20260820_142718_知象光电宣传册_位置1_真机_1_nbv初始化失败,rx_negative,92.51682829856873,-11.65,73.75,-11.65,0.0,2
D7,20260820_142718_知象光电宣传册_位置1_真机_1_nbv初始化失败,rx_negative,94.51738333702087,-17.0,80.48,-17.0,0.0,1
D7,20260820_142718_知象光电宣传册_位置1_真机_1_nbv初始化失败,rx_negative,95.41595077514648,-10.8,80.89,-10.8,0.0,2
D7,20260820_142718_知象光电宣传册_位置1_真机_1_nbv初始化失败,rx_ry_positive,106.31688356399536,5.9,99.75,0.0,19.75,1
D7,20260820_142718_知象光电宣传册_位置1_真机_1_nbv初始化失败,rx_ry_positive,109.71619033813477,14.45,116.76,14.45,36.76,1
D7,20260820_142718_知象光电宣传册_位置1_真机_1_nbv初始化失败,rx_ry_positive,110.76650023460388,13.25,98.13,13.25,18.13,2
D7,20260820_142718_知象光电宣传册_位置1_真机_1_nbv初始化失败,rx_ry_positive,111.9657609462738,10.65,81.34,10.65,0.0,3
D7,20260820_142718_知象光电宣传册_位置1_真机_1_nbv初始化失败,rx_ry_positive,114.11745882034302,12.6,106.07,12.6,26.07,1
D7,20260820_142718_知象光电宣传册_位置1_真机_1_nbv初始化失败,rx_ry_positive,115.06552290916443,8.9,92.3,0.0,12.3,2
D7,20260820_142718_知象光电宣传册_位置1_真机_1_nbv初始化失败,rx_ry_positive,117.11597752571106,17.2,111.36,17.2,31.36,1
D7,20260820_142718_知象光电宣传册_位置1_真机_1_nbv初始化失败,rx_ry_positive,118.41685914993286,15.0,94.62,15.0,14.62,2
D7,20260820_142718_知象光电宣传册_位置1_真机_1_nbv初始化失败,rx_ry_positive,119.36608409881592,11.85,80.24,11.85,0.0,3
D7,20260820_142718_知象光电宣传册_位置1_真机_1_nbv初始化失败,rx_ry_positive,121.31700897216797,14.45,107.7,14.45,27.7,1
D7,20260820_142718_知象光电宣传册_位置1_真机_1_nbv初始化失败,rx_ry_positive,122.36569094657898,11.8,91.85,11.8,11.85,2
D8,20260820_144753_焊接书_位置1_真机_1,ry_positive,7.366960525512695,-8.9,109.26,0.0,29.26,1
D8,20260820_144753_焊接书_位置1_真机_1,ry_positive,10.566716194152832,-8.3,110.23,0.0,30.23,1
D8,20260820_144753_焊接书_位置1_真机_1,ry_positive,11.567264080047607,-8.9,91.31,0.0,11.31,2
D8,20260820_144753_焊接书_位置1_真机_1,ry_positive,13.717994689941406,-8.45,106.8,0.0,26.8,1
D8,20260820_144753_焊接书_位置1_真机_1,ry_positive,15.867189645767212,-9.8,111.68,0.0,31.68,1
D8,20260820_144753_焊接书_位置1_真机_1,ry_positive,16.867148399353027,-10.9,93.63,-10.9,13.63,2
D8,20260820_144753_焊接书_位置1_真机_1,ry_positive,18.867356061935425,-7.55,109.58,0.0,29.58,1
D8,20260820_144753_焊接书_位置1_真机_1,ry_positive,19.91705560684204,-8.5,91.44,0.0,11.44,2
D8,20260820_144753_焊接书_位置1_真机_1,ry_negative,28.06652808189392,5.1,51.08,0.0,-28.92,1
D8,20260820_144753_焊接书_位置1_真机_1,ry_negative,31.366831302642822,7.8,50.99,0.0,-29.01,1
D8,20260820_144753_焊接书_位置1_真机_1,ry_negative,33.36768913269043,8.85,50.31,0.0,-29.69,1
D8,20260820_144753_焊接书_位置1_真机_1,ry_negative,37.26732110977173,11.95,58.99,11.95,-21.01,1
D8,20260820_144753_焊接书_位置1_真机_1,rx_positive,51.966866970062256,11.05,73.0,11.05,0.0,1
D8,20260820_144753_焊接书_位置1_真机_1,rx_positive,52.81852316856384,5.5,69.64,0.0,-10.36,2
D8,20260820_144753_焊接书_位置1_真机_1,rx_positive,54.66712713241577,13.6,94.57,13.6,14.57,1
D8,20260820_144753_焊接书_位置1_真机_1,rx_positive,55.617889404296875,7.85,92.15,0.0,12.15,2
D8,20260820_144753_焊接书_位置1_真机_1,rx_positive,57.66692924499512,21.45,84.48,21.45,0.0,1
D8,20260820_144753_焊接书_位置1_真机_1,rx_positive,58.66700100898743,14.7,83.32,14.7,0.0,2
D8,20260820_144753_焊接书_位置1_真机_1,rx_positive,60.666475772857666,20.0,85.23,20.0,0.0,1
D8,20260820_144753_焊接书_位置1_真机_1,rx_positive,62.03580403327942,13.05,85.74,13.05,0.0,2
D8,20260820_144753_焊接书_位置1_真机_1,rx_positive,64.4670250415802,19.8,83.97,19.8,0.0,1
D8,20260820_144753_焊接书_位置1_真机_1,rx_positive,65.41672325134277,12.95,84.48,12.95,0.0,2
D8,20260820_144753_焊接书_位置1_真机_1,rx_negative,75.11745047569275,-12.45,78.2,-12.45,0.0,1
D8,20260820_144753_焊接书_位置1_真机_1,rx_negative,78.11773014068604,-16.55,78.51,-16.55,0.0,1
D8,20260820_144753_焊接书_位置1_真机_1,rx_negative,79.0169427394867,-10.1,79.3,-10.1,0.0,2
D8,20260820_144753_焊接书_位置1_真机_1,rx_negative,81.06750297546387,-13.15,76.82,-13.15,0.0,1
D8,20260820_144753_焊接书_位置1_真机_1,rx_negative,83.11686277389526,-16.2,76.65,-16.2,0.0,1
D8,20260820_144753_焊接书_位置1_真机_1,rx_negative,85.21708011627197,-18.6,76.72,-18.6,0.0,1
D8,20260820_144753_焊接书_位置1_真机_1,rx_negative,86.21745753288269,-11.6,75.52,-11.6,0.0,2
D8,20260820_144753_焊接书_位置1_真机_1,rx_ry_positive,97.26910781860352,1.65,110.4,0.0,30.4,1
D8,20260820_144753_焊接书_位置1_真机_1,rx_ry_positive,98.26746010780334,1.05,90.98,0.0,10.98,2
D8,20260820_144753_焊接书_位置1_真机_1,rx_ry_positive,101.56690216064453,9.05,112.59,0.0,32.59,1
D8,20260820_144753_焊接书_位置1_真机_1,rx_ry_positive,102.61731553077698,7.65,94.42,0.0,14.42,2
D8,20260820_144753_焊接书_位置1_真机_1,rx_ry_positive,106.91690611839294,10.2,96.95,10.2,16.95,1
D8,20260820_144753_焊接书_位置1_真机_1,rx_ry_positive,107.91778254508972,3.45,97.48,0.0,17.48,2
D8,20260820_144753_焊接书_位置1_真机_1,rx_ry_positive,108.71754097938538,3.35,97.25,0.0,17.25,3
D9,20260820_150032_生锈的刚板_位置1_真机_1,ry_positive,7.666675806045532,-1.5,94.87,0.0,14.87,1
D9,20260820_150032_生锈的刚板_位置1_真机_1,ry_positive,10.965276718139648,-2.35,99.51,0.0,19.51,1
D9,20260820_150032_生锈的刚板_位置1_真机_1,ry_positive,12.965096473693848,-3.45,102.06,0.0,22.06,1
D9,20260820_150032_生锈的刚板_位置1_真机_1,ry_positive,15.114489555358887,-4.2,104.93,0.0,24.93,1
D9,20260820_150032_生锈的刚板_位置1_真机_1,ry_positive,17.264872550964355,-4.45,108.08,0.0,28.08,1
D9,20260820_150032_生锈的刚板_位置1_真机_1,ry_positive,18.26418113708496,-5.4,90.97,0.0,10.97,2
D9,20260820_150032_生锈的刚板_位置1_真机_1,ry_negative,28.364569187164307,3.15,51.84,0.0,-28.16,1
D9,20260820_150032_生锈的刚板_位置1_真机_1,ry_negative,29.31465721130371,2.55,68.53,0.0,-11.47,2
D9,20260820_150032_生锈的刚板_位置1_真机_1,ry_negative,32.214953660964966,2.65,63.21,0.0,-16.79,1
D9,20260820_150032_生锈的刚板_位置1_真机_1,ry_negative,34.114081144332886,3.3,62.19,0.0,-17.81,1
D9,20260820_150032_生锈的刚板_位置1_真机_1,ry_negative,36.11445212364197,2.75,61.63,0.0,-18.37,1
D9,20260820_150032_生锈的刚板_位置1_真机_1,ry_negative,38.16454339027405,2.25,62.51,0.0,-17.49,1
D9,20260820_150032_生锈的刚板_位置1_真机_1,rx_positive,50.91535449028015,11.5,74.96,11.5,0.0,1
D9,20260820_150032_生锈的刚板_位置1_真机_1,rx_positive,53.914459228515625,16.6,82.14,16.6,0.0,1
D9,20260820_150032_生锈的刚板_位置1_真机_1,rx_positive,54.86452531814575,10.05,82.68,10.05,0.0,2
D9,20260820_150032_生锈的刚板_位置1_真机_1,rx_positive,56.815308809280396,15.65,82.17,15.65,0.0,1
D9,20260820_150032_生锈的刚板_位置1_真机_1,rx_positive,58.81382131576538,21.25,84.47,21.25,0.0,1
D9,20260820_150032_生锈的刚板_位置1_真机_1,rx_positive,59.764498233795166,14.4,86.47,14.4,0.0,2
D9,20260820_150032_生锈的刚板_位置1_真机_1,rx_positive,61.66464972496033,20.75,83.71,20.75,0.0,1
D9,20260820_150032_生锈的刚板_位置1_真机_1,rx_positive,62.61450004577637,13.95,85.16,13.95,0.0,2
D9,20260820_150032_生锈的刚板_位置1_真机_1,rx_negative,74.01571083068848,-10.35,75.81,-10.35,0.0,1
D9,20260820_150032_生锈的刚板_位置1_真机_1,rx_negative,76.01523351669312,-14.8,79.65,-14.8,0.0,1
D9,20260820_150032_生锈的刚板_位置1_真机_1,rx_negative,78.1647560596466,-18.3,80.09,-18.3,0.0,1
D9,20260820_150032_生锈的刚板_位置1_真机_1,rx_negative,79.26459956169128,-11.4,79.15,-11.4,0.0,2
D9,20260820_150032_生锈的刚板_位置1_真机_1,rx_negative,81.46425414085388,-14.3,78.27,-14.3,0.0,1
D9,20260820_150032_生锈的刚板_位置1_真机_1,rx_negative,83.76549291610718,-17.0,80.04,-17.0,0.0,1
D9,20260820_150032_生锈的刚板_位置1_真机_1,rx_negative,84.8643913269043,-10.35,79.19,-10.35,0.0,2
D9,20260820_150032_生锈的刚板_位置1_真机_1,rx_ry_positive,102.71478199958801,9.3,96.83,0.0,16.83,1
D9,20260820_150032_生锈的刚板_位置1_真机_1,rx_ry_positive,103.66577434539795,10.1,83.09,10.1,0.0,2
D9,20260820_150032_生锈的刚板_位置1_真机_1,rx_ry_positive,107.31749486923218,17.2,111.66,17.2,31.66,1
D9,20260820_150032_生锈的刚板_位置1_真机_1,rx_ry_positive,108.31416130065918,12.85,96.34,12.85,16.34,2
D9,20260820_150032_生锈的刚板_位置1_真机_1,rx_ry_positive,110.41532874107361,19.9,110.54,19.9,30.54,1
D9,20260820_150032_生锈的刚板_位置1_真机_1,rx_ry_positive,111.36417865753174,15.15,95.8,15.15,15.8,2
D9,20260820_150032_生锈的刚板_位置1_真机_1,rx_ry_positive,113.51447105407715,23.3,110.81,23.3,30.81,1
D9,20260820_150032_生锈的刚板_位置1_真机_1,rx_ry_positive,114.46480917930603,18.0,96.52,18.0,16.52,2
D9,20260820_150032_生锈的刚板_位置1_真机_1,rx_ry_positive,115.3146743774414,11.95,83.79,11.95,0.0,3
D9,20260820_150032_生锈的刚板_位置1_真机_1,rx_ry_positive,117.36432981491089,20.6,112.22,20.6,32.22,1
D9,20260820_150032_生锈的刚板_位置1_真机_1,rx_ry_positive,118.46424269676208,15.1,97.2,15.1,17.2,2
