"ID","Authors-Year","Title","Journal/Conference","Sensor / system configuration","Calibration target / scene geometry","Calibration objective","Introduction motivation/problem","Limitation of prior work","Data acquisition strategy","Automation level","Prior hand-eye estimate","Known target pose / geometry","Manual teaching / initialization","Number of robot poses","Pose diversity / motion selection / degeneracy","Real-time visual feedback controls motion","Considers target imperfection","Imperfection type","Treatment of imperfection","Author-stated limitations","Best Introduction category","Chinese claim supported","Verbatim / faithful English evidence","Page / Section","Precursor references to track","Relation to our work","Evidence confidence"
"P01","Niola, Rossi, Savino & Strano—2011","A method for the calibration of a 3-D laser scanner","Robotics and Computer-Integrated Manufacturing 27","Camera-plus-laser triangulation scanner; not robot hand-eye","Rectangular target translated by a digital micrometer","Calibrate scanner reconstruction mapping","Scanner must be calibrated to recover metric 3-D from laser stripe images","Existing scanner calibration commonly uses more elaborate reference geometry; details are limited","Micrometer moves a target through known depths; images acquired at each step","manual / predefined apparatus motion","N/A","Yes: target dimensions and micrometer displacement","Operator sets apparatus and acquires images","Not stated","No robot-pose analysis","No","No","None","Ideal known target and metrology stage","Not stated beyond laboratory apparatus dependence","Background","线激光三角测量系统必须建立图像激光条纹与三维坐标之间的标定关系。","“relationship between the 3-D coordinates of the laser stripe ... and its digital coordinates”","PDF p.1, Abstract","Blais 2004 range-sensor review; McIvor 1999 laser-stripe-profiler calibration","peripheral","Medium—事实来自摘要和方法，但不是机器人手眼论文"
"P02","Yin et al.—2014","A novel TCF calibration method for robotic visual measurement","Optik 125","Robot-mounted line-structured-light camera; tool calibration frame (TCF)","Known-diameter standard sphere","Recover sensor tool-coordinate frame after collision/reinstallation","Fast, convenient TCF recovery is needed in industrial robotic measurement","Traditional TCP/TCF procedures impose operational restrictions and are inconvenient","Translate and rotate sensor around a standard sphere at multiple robot poses; solve sphere center and orientation","semi-automatic / predefined motions","Not stated","Known sphere diameter; sphere pose need not be premeasured","Robot motions must be commanded; no online feature servo stated","Four poses stated for comparison experiment","Uses translational and rotational excitation; no formal degeneracy analysis","No","No","Sphere size tolerance only through use of standard artifact","Pre-calibrated high-quality sphere","Not stated","Background / motion diversity","球体能把不同扫描方向的二维截面约束到同一三维中心，但仍需要设计平移和旋转运动。","“a standard sphere with known diameter is utilized as the calibration target”","PDF p.1, Abstract","Park et al. 1998 sphere center estimation; related TCF recovery work in its Intro","supporting literature","Medium—采集过程明确，自动化边界需由方法推断"
"P03","Li et al.—2021","A robot hand-eye calibration method of line laser sensor based on 3D reconstruction","Robotics and Computer-Integrated Manufacturing 71","Eye-in-hand line laser profiler","Arbitrary nonplanar/polyline object plus CAD/sample point cloud; later multiple poses","Calibrate hand-eye by minimizing multi-view reconstruction inconsistency","Hand-eye quality should be judged by downstream 3-D reconstruction; line-sensor noise and expensive targets reduce practicality","Traditional equation residual is not an intuitive reconstruction metric; line profiler has too little scan range for generic ICP; many targets are costly","Dense predefined translation along a noncoplanar polyline estimates rotation; multiple manually/programmed poses estimate translation","predefined automatic execution after trajectory design","Yes: nominal hand-eye rotation is used as optimization initial value","CAD/sample model or geometric reconstruction reference required; exact object pose not required","Trajectory and suitable poses are designed; no feedback bootstrap","600 dense trajectory points for rotation; 6 poses shown for translation","Explicitly requires noncollinear/noncoplanar translation path and favorable laser incidence","No","Only acknowledges errors","Sensor range error and calibration-plate size error","Not modeled; pose strategy reduces sensor absolute-error influence","About 0.1 mm residual error remains from robot, range variation, sampling interval and plate-size error","RQ1-motion diversity / Background","二维轮廓仪多视重建需要把轮廓与机器人位姿组合；运动几何会直接决定手眼参数是否可被可靠估计。","“the line laser sensors do not have the enough scanning range”","PDF p.2, Related Work","Sharifzadeh et al. single-plane; Peters et al. ICP; Xie et al. sphere; Li et al. grinding","supporting literature","High—动机、策略和局限均由正文明确陈述"
"P04","Zhang, Tsang, Yamazaki & Mori—2013","A study on automatic on-machine inspection system for 3D modeling and measurement of cutting tools","International Journal of Advanced Manufacturing Technology 64","Machine-tool-mounted monocular camera; not hand-eye profiler","Virtual 3-D calibration object generated by precise machine motion","Automate on-machine camera calibration and tool reconstruction","Manual modeling and camera calibration impede flexible on-machine inspection","Physical target placement and manual operation are time-consuming and hinder automatic recalibration","Run NC code to move machine and synthesize virtual calibration geometry","predefined automatic execution","N/A","Machine motion is known; no physical target pose needed","Initial installation only; calibration motion is NC-programmed","Not stated","Uses prescribed machine translations; no hand-eye observability analysis","No","No","None","Avoids physical target rather than estimating target error","Not stated","RQ1-Automation / Background","自动执行预定义设备运动可以减少人工操作，但它不等同于由实时观测决定下一步运动。","“the calibration procedure can be performed automatically by running NC code”","PDF p.1, Abstract","Zhang et al. 2010 single-view cutter reconstruction; classical virtual calibration-object work","supporting literature","High—自动执行方式在摘要中明确"
"P05","Zou, Chen & Wei—2021","A Calibration Optimization Method for a Welding Robot Laser Vision System Based on Generative Adversarial Network","IEEE Transactions on Instrumentation and Measurement 70","Robot-mounted camera/laser welding sensor; pixel-to-robot mapping","Iron plate whose plane is defined by three taught points","Optimize structured-light and hand-eye mapping using GAN/semi-supervised data","Manual labeled-data collection is slow, tedious and may lack 3-D diversity","Prior calibration needed many manually labeled images; planar-only samples gave insufficient diversity; sequential calibration propagates error","Teach start/end/third point; robot executes a taught changing-pose scan and records many unlabeled frames","predefined automatic execution","A calibration model/initial network parameters are required; exact hand-eye prior not clearly stated","Yes: iron-plate plane is established from taught points","Yes: three points and start/end trajectory are taught","Ten data groups; about 17,000 unlabeled samples/group; 279 manual baseline images","Explicitly seeks diverse 3-D pose changes, but no observability metric","No","No","Assumes an exact taught plate plane","Teaching supplies plane ground truth; no morphology estimation","Not stated in conclusion","RQ1-Automation / RQ1-motion diversity / Competitor","大量程序化采集能够提高数据量与姿态多样性，但其轨迹和标注平面仍由人工示教提供。","“we taught the robot to move from the teaching starting point to the teaching ending point”","PDF p.5, Sec. III","Zou & Lan 2020 DRL calibration; Zou & Chen 2018 SDP hand-eye","direct competitor","High—方法明确是示教轨迹自动执行，不是闭环采集"
"P06","P. Yang et al.—2022","A Fast Calibration of Laser Vision Robotic Welding Systems Using Automatic Path Planning","IEEE Transactions on Instrumentation and Measurement 71","Self-made camera-plus-line-laser welding sensor, eye-in-hand","Grid/calibration board visible in camera image","Jointly obtain camera, laser-plane and hand-eye calibration with automatic path planning","Traditional calibration relies on tedious manual teaching; pose quality affects time and accuracy","Unknown hand-eye prevents direct conversion from desired image pattern to robot pose; acquisition depends on prior site information and operator experience","One manually adjusted initial view; estimate relations; generate candidate stations and plan feasible paths under optical-axis, collision and joint constraints","model-based automatic planning","No accurate prior required, but a coarse relation is established after initial observation","Board geometry known; initial board pose inferred from image","Yes: one initial exploratory/manual adjustment","Not stated as one number in text; multiple automatically planned stations","Explicit motion selection; small/degenerate rotations rejected and stations vary distance/angle","No online profile servo; path is planned from camera/grid model","No","None","Ideal grid/plane assumed","Future work: systematic vibration errors","RQ1-Automation / RQ1-Bootstrap / RQ1-motion diversity / Competitor","未知手眼会使期望传感器观测无法直接转换为机器人位姿，因此自动采集首先面临启动问题。","“it is impossible to calculate corresponding poses according to laser stripes pattern”","PDF p.1, Introduction","Shi et al. 2005 online HEC; Zhang, Shi & Liu 2007 adaptive motion selection; Zhang et al. 2021 degeneracy","direct competitor","High—自动化流程、人工入口和规划机制均有明确文字/流程图"
"P07","Chen et al.—2018","A Noise-Tolerant Algorithm for Robot-Sensor Calibration Using a Planar Disk of Arbitrary 3-D Orientation","IEEE Transactions on Automation Science and Engineering 15","Robot-mounted 2-D profile sensor","Known-radius planar disk at arbitrary unknown pose","Solve hand-eye rotation and translation robustly from disk chords","Calibration should be less laborious and less sensitive to sensor noise","Earlier sphere/3-D target methods are expensive or operationally complex; two-step procedures may propagate error","For each dataset use two robot positions with same orientation and a linear sweep producing many disk chords; repeat at ≥4 orientations","semi-automatic / predefined execution","No accurate hand-eye prior stated","Known disk radius; disk 3-D pose not required","Robot positions/sweeps must be arranged","At least four data groups; each group uses two end poses and many intermediate scans","Requires multiple orientations and controlled translational sweeps; analyzes noise rather than general degeneracy","No","No","Known disk radius only","Uses a standard known-radius disk","Not stated","A / B artefact simplification / RQ1-motion diversity","已知半径的平面圆盘可在未知空间姿态下提供二维轮廓约束，但采集仍依赖成组的规定运动。","“a planar disk of arbitrary 3-D orientation”","PDF p.1, Abstract","Sphere-based profiler calibration and robot-sensor calibration cited in Related Work","predecessor","High—目标、采集方式和未知量均清楚"
"P08","Chen et al.—2026","A Novel and Real-Time 6-dof Pose Estimation Method Using a 2-D Laser Profiler in a Single Scan","IEEE/ASME Transactions on Mechatronics, early access","Eye-in-hand 2-D laser profiler","Custom four-plane gauge","Recover full 6-DoF profiler-to-gauge pose from one profile; demonstrate hand-eye use","Conventional camera calibration is incompatible with profiler output; existing profiler methods often need multiple scans and cannot provide real-time pose","A single 2-D cross-section lacks the information needed by ordinary image methods","One scan of four visible line segments/three corners; robot hand-eye experiment then uses these poses","manual / measurement method; no autonomous acquisition claimed","No for single-scan gauge pose; hand-eye pipeline not the main focus","Gauge geometry known and sensitivity-designed","Gauge must be placed and visible; robot acquisition automation Not stated","Hand-eye experiment count stated in experiment, not central to Intro","Gauge geometry designed by sensitivity analysis; fabrication-error sensitivity evaluated","No","Yes, but not jointly in hand-eye","Gauge fabrication error","Sensitivity analysis guides gauge design; errors simulated, not estimated as shared unknowns","Requires custom four-plane gauge; working visibility/occlusion constraints; broader limitation Not stated","RQ1-2D-profile limitation / Competitor","二维轮廓仅含一个截面的水平—高度数据，普通相机手眼方法不能直接使用。","“LPFs ... output a 2-D cross-sectional profile”","PDF p.2, Introduction","Planar-constraint and straight-edge profiler methods [32]–[35] in its Introduction","direct competitor","High—2026 原文直接界定二维输出和多扫描缺口"
"P09","Antonello et al.—2017","A Fully Automatic Hand-Eye Calibration System","European Conference on Mobile Robots (ECMR)","Eye-in-hand camera on robot; ROS/ViSP/MoveIt","Asymmetric circle grid/checkerboard at unknown pose","Automatically localize target and calibrate hand-eye in two phases","Repeated hand-eye calibration requires manual intervention; target localization and HEC form a chicken-and-egg problem","Predetermined paths fail if pattern/workcell changes; earlier autonomous method still requires known pattern position","Phase 1 moves hand along base axes and checks image detection at fixed steps; raw HEC localizes board; Phase 2 scans controlled planes in board frame","closed-loop feedback acquisition in Phase 1; model-based controlled acquisition in Phase 2","No","Known pattern geometry; target pose initially unknown","Robot must start where pattern is visible; otherwise no human intervention claimed","Variable in Phase 1; real experiments used three Phase-2 planes and five starts","Varies distances/angles; star drawing discussed but not implemented","Yes: pattern detection decides whether motion continues","No","None","Ideal printed target assumed","Authors plan to compare tool/camera paths and study path–accuracy relation; real test lacks ground truth","RQ1-Bootstrap / RQ1-Automation / Competitor","相机手眼标定已有两阶段闭环方案：先以可见性反馈获得粗外参，再在目标坐标系中受控采集。","“to localize the pattern ... hand-eye calibration is needed”","PDF p.1, Introduction","Tsai & Lenz 1989 autonomous star-drawing HEC; calibration-free SfM HEC by Schmidt et al. 2005","direct competitor","High—论文明确称鸡生蛋问题且给出在线检测停止逻辑"
"P10","Xiao et al.—2022","An automatic calibration algorithm for laser vision sensor in robotic autonomous welding","International Journal of Intelligent Manufacturing 33","Robot-mounted camera/laser welding sensor","Grid board visible in camera and laser images","Automatically calibrate camera, laser plane and hand-eye","Unknown hand-eye makes it hard to keep the grid in the narrow FoV; workers usually collect images manually","Random robot movement may lose the target; existing acquisition depends on workers","Initial visible grid; exploratory motions estimate a simplified image Jacobian; image features close the loop; EKF updates parameters; constrained random rotations acquire data","closed-loop feedback acquisition","No accurate prior; online coarse parameters are estimated","Known grid geometry; pose estimated from image","One initial placement/view is required","More than 30 data sets reported","Random rotations bounded about three axes; constraints keep target visible","Yes, explicitly forms closed-loop image-feature control","No","None","Ideal grid assumed","Future work only briefly says further simplify/improve; no target-error discussion","RQ1-Automation / RQ1-Bootstrap / Competitor","未知手眼与窄视场会使随机运动丢失目标；图像特征反馈可在线学习局部运动—观测关系并维持可见性。","“image features ... are fed back to the robot to form a closed-loop control”","PDF p.2, Introduction","Image-based visual servoing and online Jacobian/EKF references in Related Work","direct competitor","High—这是目录中最明确的闭环采集竞争者，但依赖相机图案"
"P11","Wang et al.—2020","An Efficient Calibration Method of Line Structured Light Vision Sensor in Robotic Eye-in-Hand System","IEEE Sensors Journal 20","Eye-in-hand camera-plus-line-laser sensor","Planar checkerboard","Simultaneously calibrate camera intrinsics, laser plane and hand-eye from same images","Separate calibration of three parameter groups is complicated, inefficient and propagates error","Dedicated 3-D targets are difficult to acquire; separate procedures are time-consuming","Operator changes robot and target poses and captures a common image set used by all three calibrations","manual / semi-automatic computation","No explicit prior hand-eye","Known checkerboard geometry; poses need not be known beforehand","Yes: poses are changed on site","Six target/robot configurations are shown in calibration procedure","Requires varied target/robot poses; no formal selection/degeneracy criterion","No","No","None","Ideal checkerboard geometry","Not stated","Background / Competitor","相机可见棋盘格的线结构光系统能够复用同一批图像同时标定内参、光平面和手眼，但仍要人工改变位姿。","“By changing the poses of robot and calibration target, a set of images ... is captured”","PDF p.1, Abstract","Zhang planar camera calibration; simultaneous structured-light calibration papers [26]–[28]","direct competitor","High—摘要和流程明确；不是 profiler-only"
"P12","Zou & Lan—2020","An End-to-End Calibration Method for Welding Robot Laser Vision Systems With Deep Reinforcement Learning","IEEE Transactions on Instrumentation and Measurement 69","Robot-mounted filtered camera/line-laser welding sensor","Angle iron/workpiece; calibration samples link pixels to robot wrist coordinates","Learn end-to-end pixel-to-wrist mapping to reduce intermediate error propagation","Sequential structured-light and hand-eye errors accumulate; small data and positioning uncertainty harm mapping","Traditional multistage models need visible calibration features and propagate error","Teach robot to scan angle iron with changing pose; program records 1500 samples in <10 min; offline DRL learns mapping","predefined automatic execution after teaching","Training data and a manually taught trajectory required; conventional hand-eye prior avoided","No formal target model, but taught workpiece/feature correspondence supplies labels","Yes: scan trajectory is taught","1500 calibration samples; 279-image traditional baseline","Pose changes deliberately; no observability/online selection criterion","No","No","None","Learns mapping; no surface geometry variable","Generalization outside trained sensor/workpiece conditions Not stated","RQ1-Automation / Competitor","端到端学习可减少分步标定的误差传播，但其数据采集仍依赖人工示教的扫描轨迹。","“We taught the robot to scan the workpieces in a changing pose”","PDF p.3, Introduction/Motivation","Zou & Chen 2018 SDP; classic HEC and covariance work","direct competitor","High—自动执行与人工示教边界明确"
"P13","Paschke et al.—2022","An easy hand-eye calibration method for laser profile scanners in high precision applications using optimized view poses","IEEE CASE 2022","Eye-in-hand 2-D laser profile scanner","Flat plate plus table-tennis ball","Generate a compact, observable pose set for hand-eye calibration","Programming trajectories is time-consuming; each 2-D measurement is insufficient; object must stay in FoV while views vary","Manual programming must balance visibility and geometric variance; more poses increase downtime","Use rough CAD/hand-eye estimate to simulate ~2500 feasible observations; rank by observability; transfer selected poses to robot","model-based automatic planning","Yes: rough hand-eye/CAD placement","Target geometry known and rough placement required","Yes: initial sensor placement roughly perpendicular over sphere; transfer/setup","Optimized subset; exact selected count varies; simulation pool ~2500","Explicit observability-index pose selection and FoV/collision checking","No; authors call acquisition/optimization/transfer strictly separated","No","None","Ideal plane/sphere assumed","Strict separation prevents on-the-run view generation; two-stage plane/sphere calibration propagates error","RQ1-motion diversity / RQ1-Automation / Competitor","优化视角能用更少观测获得可观运动，但依赖粗外参和离线模型，且不是在线视觉反馈采集。","“strict separation between data acquisition, optimization, and transfer”","PDF p.7, Discussion","Scott 2003/2009 view planning; Driels & Pathre 1990 pose strategy; observability-index literature","direct competitor","High—作者在 Discussion 中明确界定离线边界"
"P14","Hu & Chang—2013","Automatic Calibration of Hand–Eye–Workspace and Camera Using Hand-Mounted Line Laser","IEEE/ASME Transactions on Mechatronics 18","Eye-to-hand camera observing line laser mounted on robot hand","Ordinary working plane; laser stripe in camera image","Joint camera intrinsic, hand-eye-workspace calibration","Separate camera/hand-eye calibration propagates error and may require entering inaccessible workcell","Existing methods need precise target/visible hand or special triple-laser; industrial recalibration should reduce intervention","Robot projects line laser at prescribed hand poses; all parameters solved jointly","predefined automatic execution","No hand-eye prior stated","Working plane pose is an unknown in joint model; plane is ideal","Initial setup of camera/plane/laser; paper claims execution without manual intervention","Not stated","Uses multiple hand poses and parallel line/plane constraints; no adaptive selection","No online feedback steering stated","No","None","Ideal plane jointly posed, not imperfect","Not stated","RQ1-Automation / calibration simplification","联合估计可避免相机、手眼和工作空间分步标定的误差传播；程序自动求解不等于闭环采集。","“This two-stage process can be executed automatically without manual intervention.”","PDF p.1, Abstract","Hu & Chang 2011 planar laser-pointer method; Park et al. structured beams","supporting literature","High—系统并非 2D profiler，自动化措辞需限定"
"P15","Hu & Chang—2011","Calibration of an Eye-to-Hand System Using a Laser Pointer on Hand and Planar Constraints","IEEE ICRA 2011","Static camera; robot-mounted laser pointer","Planar object observed by camera","Calibrate eye-to-hand/workspace using laser point/plane constraints","Eye-to-hand calibration is difficult when camera cannot see robot hand; precise calibration object is undesirable","Earlier formulations need visible hand, known workspace relation or special objects","Project laser point onto plane from multiple robot poses; solve closed form then nonlinear refinement","predefined automatic execution / semi-automatic setup","No","Plane geometry/pose partly estimated; ideal plane","Initial physical setup; no online servo stated","Not stated","Multiple poses required; no explicit adaptive diversity metric","No","No","None","Ideal plane","Not stated","Background / artefact simplification","平面约束能够在相机看不到机械臂本体时建立标定关系，但依赖图像中的激光点而非二维轮廓。","“eliminates the need for a precise calibration pattern or object”","PDF p.1, Abstract","Robot-world/hand-eye calibration and laser-pointer planar-constraint predecessors","supporting literature","High—对本研究仅为旁系支持"
"P16","Heikkilä et al.—2014","Calibration procedures for object locating sensors in flexible robotized machining","IEEE/ASME MESA 2014","Wrist 2-D laser profiler plus fixed localization sensors","Stationary CAD calibration block with planar surfaces","Provide practical calibration/commissioning procedures","Industrial deployment needs automatic, user-friendly and inexpensive sensor calibration","Complex objects/procedures hinder flexible commissioning","Scan a CAD block from five unique poses; fit model, then Tsai–Lenz hand-eye","manual / semi-automatic","No explicit numerical prior","Known CAD geometry; target pose obtained by registration","Yes: five scanner poses are established","Five unique poses","States at least three stations and more improve accuracy; no online selection","No","No","Manufacturing accuracy only implicit","Known CAD model fitted to profiles","Practical accuracy affected by object localization/robot errors; broader limitations Not stated","A / B artefact simplification / Background","简单标定物有利于工业部署，但基于 CAD 配准的五位姿流程仍要求人工建立有效观测。","“a stationary calibration block is scanned in five unique poses”","PDF p.1, Sec. II-A","Tsai & Lenz 1989; earlier implementation references [3]–[5]","supporting literature","High—采集数量和方式明确"
"P17","Lavest, Viala & Dhome—1998","Do We Really Need an Accurate Calibration Pattern to Achieve a Reliable Camera Calibration?","ECCV 1998","Monocular/stereo cameras","Nominal 3-D point target with inaccurate point coordinates","Jointly estimate camera parameters and full target point geometry","Precisely manufactured/metrologized calibration targets are costly; target-coordinate errors contaminate camera calibration","Classical methods assume accurate 3-D control-point coordinates","Bundle-adjust camera intrinsics/extrinsics and all shared 3-D target points over many images","manual data acquisition; joint optimization","Needs sufficiently close initialization","Target topology/correspondence known; coordinates estimated; one known distance fixes scale","Yes: acquire diverse target views","Not stated","Explicitly states convergence depends on viewpoint distribution","No","Yes","Full static 3-D target geometry and global scale gauge","Jointly estimated across all views; metric scale fixed by a known distance","Strong dependence on view configuration/initialization; global scale unobservable without metric constraint","RQ2-target imperfection / RQ2-shared-geometry motivation","把固定标定物几何作为跨图像共享未知量联合估计，可将制造/测量误差与相机参数分离；必须处理尺度规范自由度。","“the calibration errors no longer depend on the measurement of the target points”","PDF p.12, Conclusion","Classical photogrammetric self-calibration/bundle adjustment cited in Related Work","predecessor","High—共享几何和尺度 gauge 均明确推导"
"P18","Choi et al.—2016","Extrinsic Calibration of 2-D Lidars Using Two Orthogonal Planes","IEEE Transactions on Robotics 32","Two rigid 2-D lidars","Two orthogonal planes; imperfect orthogonality tolerated in nonlinear refinement","Estimate relative lidar pose without camera/known landmarks","2-D scan points lack feature information for correspondence; prior methods need cameras or artificial landmarks","Sparse 2-D data make correspondence difficult","Collect multiple simultaneous scans of two planes; solve coplanarity/orthogonality then refine","manual acquisition / offline estimation","No","Plane locations unknown; orthogonality nominally known","Planes must be presented/scanned","Multiple scans; minimum depends on configuration","Derives critical plane poses and relative-pose degeneracies","No","Partially","Deviation from exact orthogonality","Optimization tolerates non-orthogonality; not a shared surface model","Additional degenerate cases may exist; requires noncritical sensor/plane configuration","RQ1-2D-profile limitation / RQ1-motion diversity","二维扫描点缺少可用于对应匹配的特征，因此常需额外几何约束，并必须分析退化配置。","“Scanned points of 2-D lidars do not have enough feature information”","PDF p.1, Abstract","Camera–lidar planar calibration; lidar landmark and trajectory calibration works in Intro","supporting literature","High—二维信息缺口和退化均为作者明确结论"
"P19","Fernández-Moral, González-Jiménez & Arévalo—circa 2014","Extrinsic Calibration of 2D laser rangefinders","Venue not stated in local PDF","Multiple rigid 2-D LRFs","Perpendicular planes/corners in Manhattan-like scene","Estimate inter-LRF extrinsics without auxiliary sensors","Manual measurements and ad-hoc procedures are tedious/error-prone; 2-D LRFs have scarce distinctive features","Prior methods require supervised association, external patterns/sensors, or special rigs","Observe at least two differently oriented corners, possibly one observation with three perpendicular planes; nonlinear probabilistic optimization","manual acquisition / offline estimation","Yes: rough visual-inspection initial relative pose","No exact plane pose; perpendicular scene structure assumed","Manual scene observation and rough initial guess","At least two corner observations","Analyzes observability and convergence region; excludes parallel scan planes","No","No","Scene planes ideal/perpendicular","No imperfection variable","Not valid for parallel scanning planes; needs structured perpendicular scene and rough initial pose","RQ1-2D-profile limitation / RQ1-motion diversity","二维激光的显著特征稀少，几何结构标定通常需要粗初值并受可观配置限制。","“distinctive features are significantly more scarce”","PDF p.1, Introduction","Brookshire & Teller ego-motion calibration; Censi et al.; Gao & Spletzer landmarks","supporting literature","Medium—本地 PDF 未给出版信息，技术事实明确"
"P20","Peters, Schmidt & Knoll—2020","Extrinsic Calibration of an Eye-In-Hand 2D LiDAR Sensor in Unstructured Environments Using ICP","IEEE Robotics and Automation Letters 5","Eye-in-hand 2-D lidar with wide 360° scan","Unstructured static environment; overlapping accumulated 3-D point clouds","Hand-eye calibration without dedicated target using ICP","Dedicated targets and manual operations reduce flexibility","Feature correspondences are unavailable; target methods require setup","Move robot to two random poses and rotate end axis 180° at each; register reconstructed clouds","predefined/manual acquisition; offline ICP","Yes: ICP needs a reasonable initial hand-eye","No target geometry; requires static overlapping scene","Robot poses/rotations must be executed","Two robot locations with 180° rotation per location","Requires sufficient overlap; no adaptive motion selection","No","No","Complete scene structure is implicit in point clouds","Not parametrically estimated; ICP aligns clouds","Needs wide-range 2-D lidar, overlap and initial guess; line profilers may not provide enough overlap","Background / RQ1-2D-profile limitation","基于场景 ICP 的无标定物手眼方法依赖足够大的扫描范围与点云重叠，窄视场线轮廓仪难以直接迁移。","“in unstructured environments using ICP”","PDF p.1, Title/Abstract and Method","ICP/global registration references; target-free hand-eye predecessors","supporting literature","High—其局限被 Li 2021 直接指出并由流程核实"
"P21","Wu et al.—2021","Globally Optimal Symbolic Hand-Eye Calibration","IEEE/ASME Transactions on Mechatronics 26","Generic camera/robot AX=XB and AX=YB","QR-code box in demonstration; target is not method focus","Globally solve classical hand-eye equations","Closed-form methods are noise-sensitive; iterative methods can fall into local minima and need initial guesses","Nonconvexity and trivial global search hinder accurate/efficient computation","Use already acquired relative poses; symbolic polynomial solution enumerates stationary points","offline solver; acquisition Not addressed","No","Depends on upstream pose measurements; target geometry not modeled","Not stated","Dataset-dependent","No acquisition/degeneracy design focus","No","No","None","No target model","Focus is solver rather than data acquisition; outlier handling still depends on formulation","Background","全局手眼求解器可减轻局部极小值问题，但并不解决二维轮廓数据如何自主获得。","“globally optimal solution without the knowledge of any initial guess”","PDF p.2, Related Work","Heller et al. branch-and-bound; Ha et al. global AX=YB; classical HEC solvers","peripheral","High—适合作为求解背景，不支撑两个核心 RQ"
"P22","Liška, Vaníček & Chaluš—2018","Hand-Eye Calibration of a Laser Profile Scanner in Robotic Welding","IEEE AIM 2018","Eye-in-hand 2-D laser profile scanner on welding head","G40 55-mm steel sphere","Iteratively calibrate rotation and translation with a sphere","Industrial welding needs accurate profiler-to-robot conversion; manual calibration is insufficient","Cuboidal targets require nonlinear solution and complicated pose planning","Manual rough hand-eye; initial scan locates sphere; prescribed scans along axes and many profiles iteratively refine","semi-automatic / predefined execution","Yes: CAD or manual three-point rough calibration","Known sphere diameter; center located by scanning","Yes: manual initial calibration and sphere setup","3×25 profiles for rotation and about 500 for translation in chosen setting","Axis-aligned motions selected; ambiguous poses must be avoided","No","No","Known sphericity/diameter tolerance","Uses precision G40 sphere; no joint tolerance estimation","Real ground truth unavailable; real accuracy cannot be quantified","RQ1-motion diversity / Background","高精度球法可通过大量规定方向扫描提高稳定性，但需要粗手眼初值、精密球和数百轮廓。","“manually obtaining the initial calibration transformation”","PDF p.5, Sec. VI","Tsai & Lenz; Xie et al. 2015 sphere method; cuboid profiler methods","predecessor","High—流程、样本量和局限明确"
"P23","Xu et al.—2022","Hand-eye calibration for 2D laser profile scanners using straight edges of common objects","Robotics and Computer-Integrated Manufacturing 73","Eye-in-hand 2-D profile scanner","Straight edges of common objects; no known dimensions","Calibrate hand-eye from repeated observations of the same straight edges","Special high-precision targets and complex operations hinder on-site calibration","Existing plane/sphere/special-target methods trade convenience for precision","Manually jog to an initial edge; choose large rotations; scripts execute translational arcs while keeping the same edge in scan","semi-automatic","No exact prior stated","No target dimensions; same-edge identity must be maintained","Yes: initial pose and rotation ranges manually selected","25 rotations ×10 translations per object (250 profiles)","Large rotation differences encouraged; same edge must stay visible","No","No","Uses arbitrary edge geometry, assumed straight","Robust line fitting; no edge-form parameter estimation","Future work explicitly proposes incremental-motion automation to infer valid ranges","RQ1-Automation / RQ1-2D-profile limitation / artefact simplification","普通直边可免去精密标定物，但现有流程仍依赖操作者选择初始位姿和可保持同一边可见的运动范围。","“automating data acquisition using incremental motions from initial pose”","PDF p.8, Conclusion","Straight-line profiler and arbitrary-object calibration references in Related Work","direct predecessor","High—人工边界与未来自动化由作者明确承认"
"P24","Zhong, Lin, Gong, Zhang & Wang—2025","Hand-eye calibration method for a line structured light robot vision system based on a single planar constraint","Robotics and Computer-Integrated Manufacturing 91","Eye-in-hand camera-plus-line-structured-light sensor; laser profile in image","Single common machined planar area","Calibrate hand-eye with arbitrary measurements and a single plane","Line structured light reduces image information; special 3-D objects and motion strategies hurt applicability","Patterns are invisible in stripe images; inappropriate poses worsen results; multiple nonparallel planes are inconvenient","Acquire arbitrary/random laser stripes and robot poses; iterative plane constraint with simulated-annealing initial-value rescue","manual/random acquisition; solver is automatic","Yes: rough hand-eye from previous calibration, CAD or manual measurement","Plane pose not precisely known; an ideal plane is inferred; object/base frames treated coincident in setup","Random measurements must be collected; automation only described as possible","Simulation varies count; real experiment count given in Sec. 4, not a single minimal claim","Rejects near-parallel pose pairs and discusses pose selection sensitivity; future special strategies","No","No explicit nonideal morphology","Common machined-surface imprecision acknowledged only as error source","Fits a single ideal plane; no shared morphology unknown","Explicitly worse reprojection/sphere errors than conventional precise targets; attributes this partly to common machined surface","RQ1-2D-profile limitation / RQ1-motion diversity / RQ2 ideal-plane conflict / Competitor","单平面随机采集能简化流程，但普通加工平面会降低球重投影精度，且该方法仍以理想平面解释数据。","“commonly machined surfaces is used ... rather than specialized calibration targets with high precision”","PDF p.9, Sec. 4.4 Discussion","Carlson et al. planar constraints; Sharifzadeh single-plane; Xu straight edges; arbitrary-object 3-D methods","direct competitor","High—2025 论文明确承认普通平面导致外部精度较差"
"P25","Xie et al.—2015","Hand-eye Calibration and Its Accuracy Analysis in Robotic Grinding","IEEE CASE 2015","Robot-mounted laser scanner","Known-radius standard sphere","Calibrate hand-eye and explicitly optimize scan region/motion directions for accuracy","Calibration accuracy controls blade geometry; prior sphere methods did not analyze center accuracy or motion direction","Blind sphere scanning and arbitrary motion overlook measurement geometry","Scan sphere in selected middle region; use robot XYZ-axis translations for best conditioning; separate rotation/translation","manual / predefined execution","Not stated","Known sphere radius","Robot scan positions/directions must be arranged","35 scan sets for scan-region study; 32 large poses for translation described","Explicit condition-number analysis; proves three orthogonal translation directions preferable","No","No","Sphere manufacturing precision assumed","Uses standard sphere; no tolerance estimation","Not stated","RQ1-motion diversity / Background","并非增加观测数量就必然提高精度；扫描区域和机器人运动方向会改变球心定位误差与方程条件。","“moving along XYZ coordinate axes are best ... during calibration”","PDF p.1, Abstract","Earlier sphere hand-eye methods [6]–[9] in Introduction","predecessor","High—精度因素有理论与实验支持"
"P26","Hagemann, Knorr & Stiller—2022","Modeling Dynamic Target Deformation in Camera Calibration","IEEE/CVF WACV 2022","Monocular cameras","Printed calibration target with static manufacturing error and per-image bending","Jointly estimate camera parameters, static target correction and dynamic deformation","Calibration targets deform while being moved; one global corrected geometry cannot explain transient shape","Existing imperfect-target methods mainly estimate one static geometry shared by all images","Bundle adjustment with shared static in-plane corrections plus per-image low-dimensional out-of-plane paraboloid","manual image acquisition; joint optimization","Requires conventional calibration initialization","Nominal grid/topology known; geometry corrections estimated","Yes: collect many target images","Dataset-dependent","Diverse views needed; focus is model selection rather than robot motion","No","Yes","Static in-plane geometry plus dynamic out-of-plane deformation","Static correction shared globally; dynamic coefficients estimated per image; 7-DoF gauge removed","More parameters always lower training error; independent test error/model selection required; target size/material limits generality","RQ2-target imperfection / RQ2-shared-geometry motivation","固定制造误差应跨观测共享，而每次搬动产生的动态弯曲应按观测建模；训练残差下降本身不能证明精度提高。","“The calibration target is likely to deform temporarily when moved”","PDF p.1, Abstract/Introduction","Strobl & Hirzinger 2011; Albarelli et al. 2010; imperfect-target camera calibration lineage","predecessor","High—静态/动态分解、gauge 和独立验证均明确"
"P27","Strobl & Hirzinger—2008","More accurate camera and hand-eye calibrations with unknown grid pattern dimensions","IEEE ICRA 2008","Monocular camera and eye-in-hand robot","Planar checkerboard with unknown global square scale/aspect","Jointly estimate camera, hand-eye and grid dimensions","Printed/manufactured grid dimensions are rarely exact and their error biases calibration","Conventional methods treat nominal pattern dimensions as exact","Add global grid scale/aspect parameters to camera/hand-eye maximum-likelihood optimization across views","manual acquisition; joint optimization","Conventional camera/HEC initialization","Pattern topology known; two global dimensions unknown","Yes: 10–15 diverse views recommended","Real tests around 15 images","View diversity recommended; no robot selection algorithm","No","Yes","Global planar target dimension/scale error","Two shared dimension parameters jointly estimated","Only dimensions, not arbitrary nonplanarity; absolute metric still needs a trustworthy length","RQ2-target imperfection / RQ2-shared-geometry motivation","即使标定板仍是数学平面，名义格距误差也会系统性偏置相机和手眼参数，尺寸应作为共享未知量估计。","“accurate knowledge about the dimensions ... does hardly exist”","PDF p.8, Conclusion","Lavest et al. 1998 inaccurate pattern; Zhang camera calibration; hand-eye ML formulations","predecessor","High—直接针对手眼和共享尺寸未知量"
"P28","Strobl & Hirzinger—2011","More Accurate Pinhole Camera Calibration with Imperfect Planar Target","ICCV Workshops 2011","Monocular/stereo cameras; extension discussed for hand-eye","Roughly planar checkerboard, including wrinkled paper","Jointly estimate camera intrinsics/extrinsics and full static target structure with minimal parameterization","Cheap planar targets are not perfectly flat; target errors can bias parameters despite low reprojection error","Prior calibration either assumes ideal plane or overparameterizes target geometry and pose","Bundle adjustment over all images with one shared 3-D target geometry; fix coordinate/scale gauge by minimal representation","manual image acquisition; joint optimization","Needs standard calibration initialization","Pattern correspondences/topology known; 3-D coordinates estimated","Yes: target must be fully observed and remain static","Multiple views; exact count dataset-dependent","Requires informative views; no robot motion controller","No","Yes","Full static imperfect planar-target geometry","Jointly estimated and shared across all views; explicit gauge removal","Target must remain static and be fully captured; improvements may be small for accurate rigid plates","RQ2-target imperfection / RQ2-shared-geometry motivation","同一块静止非理想平板的三维形貌应在所有观测中共享；若每幅图同时自由估计目标姿态和几何会产生规范自由度。","“the target remains static during calibration”","PDF p.8, Discussion/Conclusion","Lavest et al. 1998; Strobl & Hirzinger 2008 dimensions; photogrammetric self-calibration","predecessor","High—与 RQ2 的物理共享假设最接近"
"P29","Horn et al.—2021","Online Extrinsic Calibration Based on Per-Sensor Ego-Motion Using Dual Quaternions","IEEE Robotics and Automation Letters 6","Multiple heterogeneous sensors providing ego-motion","No calibration target; natural motion trajectories","Online extrinsic calibration from sensor ego-motions","Extrinsics can change; offline target calibration interrupts operation","Target-based methods need setup; motion-based calibration can be online but has observability/scale issues","Estimate each sensor trajectory then solve motion alignment incrementally with dual quaternions","online estimation; motion is not feedback-controlled for calibration","Needs an initial relation/consistent trajectory association depending on mode; exact requirement discussed in method","No target geometry","No target; platform must execute sufficiently exciting motion","Trajectory-length dependent","Explicit degeneracy/observability and scale discussion","No—sensor data estimate calibration, not command motion","N/A","No target","N/A","Requires accurate ego-motion and sufficiently exciting synchronized trajectories","RQ1-motion diversity / Background","在线求解并不自动保证可观性；基于运动的外参标定仍需要足够丰富且同步的运动。","“calibration ... based on per-sensor ego-motion”","PDF p.1, Title/Abstract","Daniilidis dual quaternions; hand-eye observability and targetless calibration literature","supporting literature","Medium—与 profiler 采集不同，但可支撑运动可观性背景"
"P30","Xing, Jing & Tan—2023","Reconstruction-Based Hand–Eye Calibration Using Arbitrary Objects","IEEE Transactions on Industrial Informatics 19","Eye-in-hand 3-D camera/scanner","Arbitrary daily objects in static scene","Jointly align multi-view point clouds and refine hand-eye without special rig","Special calibration rigs add preparation and restrict on-site flexibility","Featureless scenes and unknown correspondences challenge target-free calibration","Capture 3–8 point clouds from random viewpoints; ICP variant jointly refines hand-eye","manual/random acquisition; online-with-reconstruction computation","Yes: ICP initial hand-eye; tested up to 50 mm/10° perturbation","No target geometry; sufficient 3-D shape/overlap required","Robot viewpoints are selected/acquired; no feedback controller","At least three point clouds; eight recommended/used; 50 views for evaluation","At least two nonparallel rotation axes; two-cloud case is degenerate","No","Implicitly uses full scene","Complete static scene structure represented nonparametrically by point clouds","Not a target unknown in joint parametric model; ICP alignment","Poorly featured/spherical objects and robot pose error hurt accuracy; not for strict accuracy; sampling density left for future","Background / RQ1-motion diversity","任意场景重建法仍需至少两个不平行旋转轴和足够的三维重叠；二维窄轮廓不具备同等信息条件。","“At least two robot motions with unparallel rotation axes ... are recommended.”","PDF p.8, Discussion","General geometry calibration using free-form surfaces; ICP/FPFH registration; target-free HEC","supporting literature","High—退化、初值和物体形状局限均明确实验验证"
"P31","Albarelli, Rodolà & Torsello—2010","Robust Camera Calibration using Inaccurate Targets","BMVC 2010","Monocular/stereo cameras","Inaccurately printed nominal planar grid","Calibrate camera while recovering target geometry","Printing introduces systematic point-location errors; low reprojection residual can coexist with inaccurate calibration","Standard planar calibration trusts nominal target coordinates","Alternate camera calibration, bundle adjustment of one shared target geometry, and metric-scale alignment","manual image acquisition; iterative optimization","Standard calibration initialization","Grid correspondences known; geometry and scale refined","Yes; 200 images in experiment","200 images","Many views used; no robot motion selection","No","Yes","Full static target point geometry, mainly planar printing error","Shared geometry refined across all images; alternating rather than one monolithic solve","Absolute scale remains limited by unknown true target size; low internal residual is not sufficient validation","RQ2-target imperfection / RQ2-shared-geometry motivation","降低重投影残差并不能单独证明外参更准；不准确目标模型必须用独立几何任务验证。","“small residuals are not necessarily associated to accurate camera parameters”","PDF p.4, Sec. 2","Lavest et al. 1998 and camera self-calibration literature","predecessor","High—直接提出残差与真实性不等价"
"P32","Sharifzadeh, Biro & Kinnell—2020","Robust hand-eye calibration of 2D laser sensors using a single-plane calibration artefact","Robotics and Computer-Integrated Manufacturing 61","Eye-in-hand 2-D laser profiler","Single high-flatness plane","Hand-eye calibration using a simple single plane and optimized scan pattern","2-D sensors provide only a profile; 3-D artifacts/large manual datasets reduce simplicity","Single-plane problem needs sufficient input variation and suffers an initialization chicken-and-egg issue","Manually collect four lines and rough hand-eye/plane; simulate circular scan poses; automatically execute 48 optimized poses","semi-automatic then predefined/model-based execution","Yes: rough hand-eye manually measured","Plane pose estimated from initial scans; plane assumed ideal","Yes: four initial scans and crude hand-eye measurement","Four bootstrap lines + 48 optimized poses; 100/105 random baselines","Extensive rank/condition/input-variation analysis; circular pattern selected","No","No","Uses a ±21 µm high-flatness plate","Selects precise plane and fits ideal plane","Without initial hand-eye/known plane setup would require about 100 manual scans; optimized parameters not universal","RQ1-Bootstrap / RQ1-motion diversity / single-plane / Competitor","单平面二维轮廓标定存在明显启动依赖：在手眼和平面位姿未知时，后续优化扫描轨迹无法直接生成。","“an initial set-up is impossible without knowledge of hand-eye parameters”","PDF p.9, Discussion/Conclusion","Single/multiple-plane laser calibration; robot observation-strategy and condition-number literature","direct competitor","High—单平面、初始依赖、数量与自动执行边界均明确"
"P33","Lembono, Suárez-Ruiz & Pham—2019","SCALAR: Simultaneous Calibration of 2-D Laser and Robot Kinematic Parameters Using Planarity and Distance Constraints","IEEE Transactions on Automation Science and Engineering 16","Eye-in-hand 2-D laser scanner plus industrial robot","Flat plate at two placements plus known-distance holes","Joint robot kinematics, hand-eye and plane parameters","Robot kinematic and hand-eye errors jointly limit measurement; separate calibration propagates error","Existing methods calibrate subsystems separately and often require expensive metrology","Manually teach many poses scanning plate; add distance constraints from known holes; jointly optimize","manual / semi-automatic computation","Nominal robot and hand-eye parameters required","Plane pose at each placement estimated; hole distance known","Yes: poses and distance measurements arranged","100 total plane poses: 50 at each of two placements; 60 calibration/40 validation","Identifiability/gauge and excitation analyzed; many diverse poses used","No","Acknowledges but does not model","Plate flatness and surface/robot/scanner errors","Uses a plate specified flat within 0.05 mm; estimates only ideal plane pose","Requires manual work, known distance, nominal model; flatness listed as practical error source","RQ2 ideal-plane conflict / Background","联合估计平面位姿并不等于估计平面形貌；即使平面参数进入优化，板面平面度误差仍可污染残差。","“The flatness of the plate is within 0.05 mm.”","PDF p.6, Experiment","Earlier SCALARα; robot kinematic calibration and plane-constraint HEC references","direct predecessor","High—未知平面位姿与未建模平面度可清楚区分"
"P34","Pavlovčič, Arko & Jezeršek—2021","Simultaneous Hand-Eye and Intrinsic Calibration of a Laser Profilometer Mounted on a Robot Arm","Sensors 21","Eye-in-hand commercial laser profilometer with internal camera image","Precision-machined 3-D grooved target, geometry about 0.01 mm","Simultaneously calibrate profiler intrinsic and hand-eye parameters","Separate intrinsic/extrinsic procedures are cumbersome and error propagates; periodic recalibration should be automated","Existing methods require special steps and manual handling","Initial installation aligns sensor using live image and touches target corners; thereafter robot executes 15 predefined poses","predefined automatic execution after manual installation","Initial values from design geometry/alignment","Known high-precision 3-D target geometry and touched target pose","Yes: installation, live-camera alignment and corner touching","15 predefined poses at three distances and X/Y rotations","Pose set deliberately spans distances and rotations; no online selection","No","No","Target manufacturing accuracy only","Uses precision target; no unknown geometry","Initial installation remains manual; target is specialized; periodic execution under 10 min","RQ1-Automation / Competitor","高精度专用三维标定件可支持快速重复标定，但初次安装仍需人工对准和接触测量，运动为预定义执行。","“initial calibration ... requires some human intervention”","PDF p.20, Conclusion/implementation discussion","Structured-light simultaneous calibration and hand-eye target methods in Intro","direct competitor","High—自动周期标定与人工初装边界明确"
"P35","Carlson, Johansson & Robertsson—2015","Six DOF eye-to-hand calibration from 2D measurements using planar constraints","IEEE/RSJ IROS 2015","Eye-to-hand 2-D laser range sensor","At least three nonparallel planes at unknown positions","Calibrate 6-DoF extrinsic from 2-D measurements and unknown plane poses","Invisible sensor origin/axes make manual measurement tedious; one scan cannot recover full pose","Existing methods need known calibration object pose or restrictive mounting","Collect points from multiple nonparallel planes; alternately estimate hand-eye and plane equations","manual acquisition / offline iteration","Yes: crude hand-eye initial estimate","Plane poses unknown and estimated; planes are ideal","Yes: expose scanner to several planes","At least 9 points from ≥3 planes; experiment used five planes","Discusses collinear/random pose issues and convergence; plane orientation matters","No","No","None","Estimates ideal plane poses only","Requires crude initial estimate and multiple nonparallel planes; random points may converge slowly","RQ1-2D-profile limitation / RQ1-motion diversity","二维测量的六自由度外参需要多平面/多姿态补足缺失约束，且粗初值和观测分布影响收敛。","“requires a crude initial estimate of the hand-eye transformation”","PDF p.1, Introduction","Planar camera–laser calibration and eye-to-hand methods cited in Related Work","predecessor","High—前提和最小几何条件明确"
"P36","Gautam et al.—2025","Streamlined robotic hand–eye calibration of multiple 2D-profilers: A rapid, closed-form two-stage method via a single-plane artefact","Robotics and Computer-Integrated Manufacturing 95","Multiple stationary 2-D profilers observing robot-held deposition plate; primarily eye-to-hand","Flat deposition plane plus precision sphere for validation","Closed-form, minimal-pose calibration of multiple profilers","Manual TCP/extrinsic procedures and many poses impede additive-manufacturing deployment","Prior methods require user intervention, initial estimates or many scans","Robot executes six designed plate poses (three rotations, three translations); closed-form solution","predefined automatic execution","No prior hand-eye estimate claimed","Plane geometry treated ideal; TCP frame must be calibrated; plane pose follows robot","Initial TCP calibration/operator setup required; acquisition itself scripted","Six poses","Explicitly designs three rotational and three translational excitations; analyzes error sources","No","Acknowledges but does not estimate","Plane roughness/flatness","Average filtering and 2-D line fitting; no joint morphology model","TCP calibration depends on operator; millimeter-level accuracy; future error propagation/pose optimization","single-plane / RQ1-motion diversity / Competitor","已有工作可用六个预定义平面位姿完成多二维轮廓仪自动求解，因此不能宣称“首个自动单平面方法”。","“six distinct poses—three rotational and three translational”","PDF p.1, Abstract/Method overview","Sharifzadeh single-plane; disk/sphere/profile calibration comparison table","direct competitor","High—2025 直接竞争工作，自动化类型可由流程明确判定"
"P37","Yin et al.—2013","A Vision-Based Self-Calibration Method for Robotic Visual Inspection Systems","Sensors 13","Robot-mounted line-structured-light camera used as a TCP sensor; robot kinematic calibration","Fixed crosshair point moved to several workspace locations","Calibrate robot kinematics and TCP without external metrology","Robot nominal kinematic errors dominate system accuracy; external calibration equipment is expensive/time-consuming","Earlier self-calibration may leave unobservable parameters or propagate hand-eye error","Operator aligns sensor-defined TCP to a fixed crosshair at multiple poses and locations; identify kinematics","manual / semi-automatic computation","Avoids separate hand-eye by defining/calibrating TCP; nominal kinematics required","Crosshair point fixed but its global pose need not be metrologized","Yes: repeated visual alignment to crosshair","10 poses per target location; multiple target locations","Studies number/distribution of fixed points for observability","Visual image assists operator, but no autonomous robot feedback control stated","No","None","Ideal fixed point","Efficiency improvement left for future; manual alignments remain","RQ1-motion diversity / Background","观测数量与空间分布会影响机器人—传感器联合标定的可观性，但人工对点仍是部署负担。","“an optimal configuration on the number and distribution of fixed points”","PDF p.1, Abstract","Robot self-calibration/closed-loop kinematic calibration references [19]–[21]","supporting literature","High—不是手眼外参主问题，但观测分布证据可靠"
